train,5,6-5-VIRAT_S_000006,168,/home/grupoavatar/DataSets/ VIRAT Ground Dataset/virat_cat_cropped/5/6-5-VIRAT_S_000006
train,5,22-5-VIRAT_S_000006,61,/home/grupoavatar/DataSets/ VIRAT Ground Dataset/virat_cat_cropped/5/22-5-VIRAT_S_000006
train,5,34-5-VIRAT_S_010114_00_000006_000116,74,/home/grupoavatar/DataSets/ VIRAT Ground Dataset/virat_cat_cropped/5/34-5-VIRAT_S_010114_00_000006_000116
train,5,0-5-VIRAT_S_050201_08_001567_001647,832,/home/grupoavatar/DataSets/ VIRAT Ground Dataset/virat_cat_cropped/5/0-5-VIRAT_S_050201_08_001567_001647
train,5,6-5-VIRAT_S_040005_00_000003_000058,114,/home/grupoavatar/DataSets/ VIRAT Ground Dataset/virat_cat_cropped/5/6-5-VIRAT_S_040005_00_000003_000058
train,5,43-5-VIRAT_S_000200_04_000937_001443,135,/home/grupoavatar/DataSets/ VIRAT Ground Dataset/virat_cat_cropped/5/43-5-VIRAT_S_000200_04_000937_001443
train,5,21-5-VIRAT_S_050000_08_001235_001295,167,/home/grupoavatar/DataSets/ VIRAT Ground Dataset/virat_cat_cropped/5/21-5-VIRAT_S_050000_08_001235_001295
train,5,87-5-VIRAT_S_050300_06_001427_001616,59,/home/grupoavatar/DataSets/ VIRAT Ground Dataset/virat_cat_cropped/5/87-5-VIRAT_S_050300_06_001427_001616
train,5,0-5-VIRAT_S_000206_09_001714_001851,156,/home/grupoavatar/DataSets/ VIRAT Ground Dataset/virat_cat_cropped/5/0-5-VIRAT_S_000206_09_001714_001851
train,5,0-5-VIRAT_S_050202_08_001410_001494,130,/home/grupoavatar/DataSets/ VIRAT Ground Dataset/virat_cat_cropped/5/0-5-VIRAT_S_050202_08_001410_001494
train,5,0-5-VIRAT_S_000205_00_000065_000149,94,/home/grupoavatar/DataSets/ VIRAT Ground Dataset/virat_cat_cropped/5/0-5-VIRAT_S_000205_00_000065_000149
train,5,2-5-VIRAT_S_000203_04_000903_001086,145,/home/grupoavatar/DataSets/ VIRAT Ground Dataset/virat_cat_cropped/5/2-5-VIRAT_S_000203_04_000903_001086
train,5,0-5-VIRAT_S_000207_03_000556_000590,71,/home/grupoavatar/DataSets/ VIRAT Ground Dataset/virat_cat_cropped/5/0-5-VIRAT_S_000207_03_000556_000590
train,5,45-5-VIRAT_S_040001_02_001102_001530,80,/home/grupoavatar/DataSets/ VIRAT Ground Dataset/virat_cat_cropped/5/45-5-VIRAT_S_040001_02_001102_001530
train,5,38-5-VIRAT_S_040103_03_000284_000425,70,/home/grupoavatar/DataSets/ VIRAT Ground Dataset/virat_cat_cropped/5/38-5-VIRAT_S_040103_03_000284_000425
train,5,25-5-VIRAT_S_010106_04_000800_000918,192,/home/grupoavatar/DataSets/ VIRAT Ground Dataset/virat_cat_cropped/5/25-5-VIRAT_S_010106_04_000800_000918
train,5,7-5-VIRAT_S_000006,111,/home/grupoavatar/DataSets/ VIRAT Ground Dataset/virat_cat_cropped/5/7-5-VIRAT_S_000006
train,5,13-5-VIRAT_S_040103_02_000199_000279,113,/home/grupoavatar/DataSets/ VIRAT Ground Dataset/virat_cat_cropped/5/13-5-VIRAT_S_040103_02_000199_000279
train,5,1-5-VIRAT_S_000205_01_000197_000342,91,/home/grupoavatar/DataSets/ VIRAT Ground Dataset/virat_cat_cropped/5/1-5-VIRAT_S_000205_01_000197_000342
train,5,1-5-VIRAT_S_050200_00_000106_000380,59,/home/grupoavatar/DataSets/ VIRAT Ground Dataset/virat_cat_cropped/5/1-5-VIRAT_S_050200_00_000106_000380
train,5,0-5-VIRAT_S_000205_02_000409_000566,108,/home/grupoavatar/DataSets/ VIRAT Ground Dataset/virat_cat_cropped/5/0-5-VIRAT_S_000205_02_000409_000566
train,5,46-5-VIRAT_S_000101,165,/home/grupoavatar/DataSets/ VIRAT Ground Dataset/virat_cat_cropped/5/46-5-VIRAT_S_000101
train,5,2-5-VIRAT_S_000205_01_000197_000342,194,/home/grupoavatar/DataSets/ VIRAT Ground Dataset/virat_cat_cropped/5/2-5-VIRAT_S_000205_01_000197_000342
train,5,45-5-VIRAT_S_000201_00_000018_000380,277,/home/grupoavatar/DataSets/ VIRAT Ground Dataset/virat_cat_cropped/5/45-5-VIRAT_S_000201_00_000018_000380
train,5,157-5-VIRAT_S_050300_01_000148_000396,1061,/home/grupoavatar/DataSets/ VIRAT Ground Dataset/virat_cat_cropped/5/157-5-VIRAT_S_050300_01_000148_000396
train,5,0-5-VIRAT_S_000205_01_000197_000342,109,/home/grupoavatar/DataSets/ VIRAT Ground Dataset/virat_cat_cropped/5/0-5-VIRAT_S_000205_01_000197_000342
train,5,0-5-VIRAT_S_000006,170,/home/grupoavatar/DataSets/ VIRAT Ground Dataset/virat_cat_cropped/5/0-5-VIRAT_S_000006
train,5,14-5-VIRAT_S_000006,125,/home/grupoavatar/DataSets/ VIRAT Ground Dataset/virat_cat_cropped/5/14-5-VIRAT_S_000006
train,5,24-5-VIRAT_S_000101,240,/home/grupoavatar/DataSets/ VIRAT Ground Dataset/virat_cat_cropped/5/24-5-VIRAT_S_000101
train,5,33-5-VIRAT_S_000101,137,/home/grupoavatar/DataSets/ VIRAT Ground Dataset/virat_cat_cropped/5/33-5-VIRAT_S_000101
train,5,0-5-VIRAT_S_050201_01_000147_000321,208,/home/grupoavatar/DataSets/ VIRAT Ground Dataset/virat_cat_cropped/5/0-5-VIRAT_S_050201_01_000147_000321
train,5,1-5-VIRAT_S_000203_04_000903_001086,165,/home/grupoavatar/DataSets/ VIRAT Ground Dataset/virat_cat_cropped/5/1-5-VIRAT_S_000203_04_000903_001086
train,5,1-5-VIRAT_S_050202_10_002159_002233,237,/home/grupoavatar/DataSets/ VIRAT Ground Dataset/virat_cat_cropped/5/1-5-VIRAT_S_050202_10_002159_002233
train,5,94-5-VIRAT_S_050300_06_001427_001616,709,/home/grupoavatar/DataSets/ VIRAT Ground Dataset/virat_cat_cropped/5/94-5-VIRAT_S_050300_06_001427_001616
train,5,26-5-VIRAT_S_010106_04_000800_000918,179,/home/grupoavatar/DataSets/ VIRAT Ground Dataset/virat_cat_cropped/5/26-5-VIRAT_S_010106_04_000800_000918
train,5,1-5-VIRAT_S_000207_00_000000_000045,60,/home/grupoavatar/DataSets/ VIRAT Ground Dataset/virat_cat_cropped/5/1-5-VIRAT_S_000207_00_000000_000045
train,5,48-5-VIRAT_S_040103_03_000284_000425,153,/home/grupoavatar/DataSets/ VIRAT Ground Dataset/virat_cat_cropped/5/48-5-VIRAT_S_040103_03_000284_000425
test,5,19-5-VIRAT_S_010114_01_000235_000311,83,/home/grupoavatar/DataSets/ VIRAT Ground Dataset/virat_cat_cropped/5/19-5-VIRAT_S_010114_01_000235_000311
test,5,49-5-VIRAT_S_000201_00_000018_000380,149,/home/grupoavatar/DataSets/ VIRAT Ground Dataset/virat_cat_cropped/5/49-5-VIRAT_S_000201_00_000018_000380
test,5,1-5-VIRAT_S_050201_00_000012_000116,372,/home/grupoavatar/DataSets/ VIRAT Ground Dataset/virat_cat_cropped/5/1-5-VIRAT_S_050201_00_000012_000116
test,5,11-5-VIRAT_S_000006,70,/home/grupoavatar/DataSets/ VIRAT Ground Dataset/virat_cat_cropped/5/11-5-VIRAT_S_000006
test,5,33-5-VIRAT_S_010114_00_000006_000116,524,/home/grupoavatar/DataSets/ VIRAT Ground Dataset/virat_cat_cropped/5/33-5-VIRAT_S_010114_00_000006_000116
test,5,0-5-VIRAT_S_000206_08_001618_001712,145,/home/grupoavatar/DataSets/ VIRAT Ground Dataset/virat_cat_cropped/5/0-5-VIRAT_S_000206_08_001618_001712
test,5,91-5-VIRAT_S_050300_06_001427_001616,483,/home/grupoavatar/DataSets/ VIRAT Ground Dataset/virat_cat_cropped/5/91-5-VIRAT_S_050300_06_001427_001616
test,5,14-5-VIRAT_S_040103_02_000199_000279,162,/home/grupoavatar/DataSets/ VIRAT Ground Dataset/virat_cat_cropped/5/14-5-VIRAT_S_040103_02_000199_000279
test,5,0-5-VIRAT_S_050201_07_001348_001458,152,/home/grupoavatar/DataSets/ VIRAT Ground Dataset/virat_cat_cropped/5/0-5-VIRAT_S_050201_07_001348_001458
test,5,23-5-VIRAT_S_000006,133,/home/grupoavatar/DataSets/ VIRAT Ground Dataset/virat_cat_cropped/5/23-5-VIRAT_S_000006
test,5,11-5-VIRAT_S_010205_01_000207_000288,115,/home/grupoavatar/DataSets/ VIRAT Ground Dataset/virat_cat_cropped/5/11-5-VIRAT_S_010205_01_000207_000288
test,5,3-5-VIRAT_S_050202_10_002159_002233,273,/home/grupoavatar/DataSets/ VIRAT Ground Dataset/virat_cat_cropped/5/3-5-VIRAT_S_050202_10_002159_002233
train,7,38-7-VIRAT_S_000101,70,/home/grupoavatar/DataSets/ VIRAT Ground Dataset/virat_cat_cropped/7/38-7-VIRAT_S_000101
train,7,51-7-VIRAT_S_000101,517,/home/grupoavatar/DataSets/ VIRAT Ground Dataset/virat_cat_cropped/7/51-7-VIRAT_S_000101
train,7,47-7-VIRAT_S_000101,620,/home/grupoavatar/DataSets/ VIRAT Ground Dataset/virat_cat_cropped/7/47-7-VIRAT_S_000101
train,7,26-7-VIRAT_S_000101,2411,/home/grupoavatar/DataSets/ VIRAT Ground Dataset/virat_cat_cropped/7/26-7-VIRAT_S_000101
train,7,48-7-VIRAT_S_000101,66,/home/grupoavatar/DataSets/ VIRAT Ground Dataset/virat_cat_cropped/7/48-7-VIRAT_S_000101
train,7,9-7-VIRAT_S_010200_06_000702_000744,56,/home/grupoavatar/DataSets/ VIRAT Ground Dataset/virat_cat_cropped/7/9-7-VIRAT_S_010200_06_000702_000744
train,7,35-7-VIRAT_S_010204_05_000856_000890,89,/home/grupoavatar/DataSets/ VIRAT Ground Dataset/virat_cat_cropped/7/35-7-VIRAT_S_010204_05_000856_000890
train,7,4-7-VIRAT_S_010203_08_000895_000975,31,/home/grupoavatar/DataSets/ VIRAT Ground Dataset/virat_cat_cropped/7/4-7-VIRAT_S_010203_08_000895_000975
train,7,5-7-VIRAT_S_050000_11_001530_001576,59,/home/grupoavatar/DataSets/ VIRAT Ground Dataset/virat_cat_cropped/7/5-7-VIRAT_S_050000_11_001530_001576
train,7,15-7-VIRAT_S_000101,52,/home/grupoavatar/DataSets/ VIRAT Ground Dataset/virat_cat_cropped/7/15-7-VIRAT_S_000101
train,7,49-7-VIRAT_S_000101,45,/home/grupoavatar/DataSets/ VIRAT Ground Dataset/virat_cat_cropped/7/49-7-VIRAT_S_000101
train,7,41-7-VIRAT_S_000101,205,/home/grupoavatar/DataSets/ VIRAT Ground Dataset/virat_cat_cropped/7/41-7-VIRAT_S_000101
train,7,19-7-VIRAT_S_010106_02_000656_000692,596,/home/grupoavatar/DataSets/ VIRAT Ground Dataset/virat_cat_cropped/7/19-7-VIRAT_S_010106_02_000656_000692
train,7,34-7-VIRAT_S_000101,72,/home/grupoavatar/DataSets/ VIRAT Ground Dataset/virat_cat_cropped/7/34-7-VIRAT_S_000101
train,7,40-7-VIRAT_S_000101,66,/home/grupoavatar/DataSets/ VIRAT Ground Dataset/virat_cat_cropped/7/40-7-VIRAT_S_000101
train,7,19-7-VIRAT_S_000101,32,/home/grupoavatar/DataSets/ VIRAT Ground Dataset/virat_cat_cropped/7/19-7-VIRAT_S_000101
train,7,34-7-VIRAT_S_010204_05_000856_000890,46,/home/grupoavatar/DataSets/ VIRAT Ground Dataset/virat_cat_cropped/7/34-7-VIRAT_S_010204_05_000856_000890
train,7,37-7-VIRAT_S_000101,641,/home/grupoavatar/DataSets/ VIRAT Ground Dataset/virat_cat_cropped/7/37-7-VIRAT_S_000101
train,7,33-7-VIRAT_S_040104_02_000459_000721,227,/home/grupoavatar/DataSets/ VIRAT Ground Dataset/virat_cat_cropped/7/33-7-VIRAT_S_040104_02_000459_000721
train,7,23-7-VIRAT_S_000101,21,/home/grupoavatar/DataSets/ VIRAT Ground Dataset/virat_cat_cropped/7/23-7-VIRAT_S_000101
test,7,35-7-VIRAT_S_000101,77,/home/grupoavatar/DataSets/ VIRAT Ground Dataset/virat_cat_cropped/7/35-7-VIRAT_S_000101
test,7,52-7-VIRAT_S_000101,170,/home/grupoavatar/DataSets/ VIRAT Ground Dataset/virat_cat_cropped/7/52-7-VIRAT_S_000101
test,7,67-7-VIRAT_S_010200_03_000470_000567,75,/home/grupoavatar/DataSets/ VIRAT Ground Dataset/virat_cat_cropped/7/67-7-VIRAT_S_010200_03_000470_000567
test,7,36-7-VIRAT_S_000101,43,/home/grupoavatar/DataSets/ VIRAT Ground Dataset/virat_cat_cropped/7/36-7-VIRAT_S_000101
test,7,20-7-VIRAT_S_000101,21,/home/grupoavatar/DataSets/ VIRAT Ground Dataset/virat_cat_cropped/7/20-7-VIRAT_S_000101
test,7,66-7-VIRAT_S_010200_03_000470_000567,55,/home/grupoavatar/DataSets/ VIRAT Ground Dataset/virat_cat_cropped/7/66-7-VIRAT_S_010200_03_000470_000567
train,9,1-9-VIRAT_S_010201_05_000499_000527,439,/home/grupoavatar/DataSets/ VIRAT Ground Dataset/virat_cat_cropped/9/1-9-VIRAT_S_010201_05_000499_000527
train,9,38-9-VIRAT_S_000200_04_000937_001443,235,/home/grupoavatar/DataSets/ VIRAT Ground Dataset/virat_cat_cropped/9/38-9-VIRAT_S_000200_04_000937_001443
train,9,44-9-VIRAT_S_040104_02_000459_000721,468,/home/grupoavatar/DataSets/ VIRAT Ground Dataset/virat_cat_cropped/9/44-9-VIRAT_S_040104_02_000459_000721
train,9,15-9-VIRAT_S_010203_08_000895_000975,674,/home/grupoavatar/DataSets/ VIRAT Ground Dataset/virat_cat_cropped/9/15-9-VIRAT_S_010203_08_000895_000975
train,9,14-9-VIRAT_S_010004_00_000064_000100,646,/home/grupoavatar/DataSets/ VIRAT Ground Dataset/virat_cat_cropped/9/14-9-VIRAT_S_010004_00_000064_000100
train,9,15-9-VIRAT_S_010203_07_000775_000869,683,/home/grupoavatar/DataSets/ VIRAT Ground Dataset/virat_cat_cropped/9/15-9-VIRAT_S_010203_07_000775_000869
train,9,20-9-VIRAT_S_040103_05_000729_000804,846,/home/grupoavatar/DataSets/ VIRAT Ground Dataset/virat_cat_cropped/9/20-9-VIRAT_S_040103_05_000729_000804
train,9,41-9-VIRAT_S_050000_09_001310_001373,164,/home/grupoavatar/DataSets/ VIRAT Ground Dataset/virat_cat_cropped/9/41-9-VIRAT_S_050000_09_001310_001373
train,9,0-9-VIRAT_S_010003_10_000901_000934,242,/home/grupoavatar/DataSets/ VIRAT Ground Dataset/virat_cat_cropped/9/0-9-VIRAT_S_010003_10_000901_000934
train,9,1-9-VIRAT_S_010107_00_000019_000057,866,/home/grupoavatar/DataSets/ VIRAT Ground Dataset/virat_cat_cropped/9/1-9-VIRAT_S_010107_00_000019_000057
train,9,29-9-VIRAT_S_010206_01_000124_000206,251,/home/grupoavatar/DataSets/ VIRAT Ground Dataset/virat_cat_cropped/9/29-9-VIRAT_S_010206_01_000124_000206
train,9,97-9-VIRAT_S_050300_06_001427_001616,826,/home/grupoavatar/DataSets/ VIRAT Ground Dataset/virat_cat_cropped/9/97-9-VIRAT_S_050300_06_001427_001616
train,9,35-9-VIRAT_S_010201_04_000374_000469,304,/home/grupoavatar/DataSets/ VIRAT Ground Dataset/virat_cat_cropped/9/35-9-VIRAT_S_010201_04_000374_000469
train,9,12-9-VIRAT_S_050000_04_000640_000690,654,/home/grupoavatar/DataSets/ VIRAT Ground Dataset/virat_cat_cropped/9/12-9-VIRAT_S_050000_04_000640_000690
train,9,3-9-VIRAT_S_010002_02_000174_000204,282,/home/grupoavatar/DataSets/ VIRAT Ground Dataset/virat_cat_cropped/9/3-9-VIRAT_S_010002_02_000174_000204
train,9,33-9-VIRAT_S_010205_06_000830_000904,321,/home/grupoavatar/DataSets/ VIRAT Ground Dataset/virat_cat_cropped/9/33-9-VIRAT_S_010205_06_000830_000904
train,9,41-9-VIRAT_S_000200_04_000937_001443,409,/home/grupoavatar/DataSets/ VIRAT Ground Dataset/virat_cat_cropped/9/41-9-VIRAT_S_000200_04_000937_001443
train,9,42-9-VIRAT_S_010204_05_000856_000890,284,/home/grupoavatar/DataSets/ VIRAT Ground Dataset/virat_cat_cropped/9/42-9-VIRAT_S_010204_05_000856_000890
train,9,31-9-VIRAT_S_010203_06_000620_000760,221,/home/grupoavatar/DataSets/ VIRAT Ground Dataset/virat_cat_cropped/9/31-9-VIRAT_S_010203_06_000620_000760
train,9,29-9-VIRAT_S_010004_07_000729_000809,427,/home/grupoavatar/DataSets/ VIRAT Ground Dataset/virat_cat_cropped/9/29-9-VIRAT_S_010004_07_000729_000809
train,9,38-9-VIRAT_S_010201_04_000374_000469,944,/home/grupoavatar/DataSets/ VIRAT Ground Dataset/virat_cat_cropped/9/38-9-VIRAT_S_010201_04_000374_000469
train,9,43-9-VIRAT_S_000201_00_000018_000380,373,/home/grupoavatar/DataSets/ VIRAT Ground Dataset/virat_cat_cropped/9/43-9-VIRAT_S_000201_00_000018_000380
train,9,76-9-VIRAT_S_050300_03_000726_000834,813,/home/grupoavatar/DataSets/ VIRAT Ground Dataset/virat_cat_cropped/9/76-9-VIRAT_S_050300_03_000726_000834
train,9,36-9-VIRAT_S_050000_09_001310_001373,958,/home/grupoavatar/DataSets/ VIRAT Ground Dataset/virat_cat_cropped/9/36-9-VIRAT_S_050000_09_001310_001373
train,9,26-9-VIRAT_S_050000_08_001235_001295,567,/home/grupoavatar/DataSets/ VIRAT Ground Dataset/virat_cat_cropped/9/26-9-VIRAT_S_050000_08_001235_001295
train,9,41-9-VIRAT_S_050000_02_000404_000486,787,/home/grupoavatar/DataSets/ VIRAT Ground Dataset/virat_cat_cropped/9/41-9-VIRAT_S_050000_02_000404_000486
train,9,57-9-VIRAT_S_010001_02_000195_000498,171,/home/grupoavatar/DataSets/ VIRAT Ground Dataset/virat_cat_cropped/9/57-9-VIRAT_S_010001_02_000195_000498
train,9,38-9-VIRAT_S_010203_06_000620_000760,395,/home/grupoavatar/DataSets/ VIRAT Ground Dataset/virat_cat_cropped/9/38-9-VIRAT_S_010203_06_000620_000760
train,9,17-9-VIRAT_S_050000_08_001235_001295,300,/home/grupoavatar/DataSets/ VIRAT Ground Dataset/virat_cat_cropped/9/17-9-VIRAT_S_050000_08_001235_001295
train,9,6-9-VIRAT_S_040003_00_000000_000072,332,/home/grupoavatar/DataSets/ VIRAT Ground Dataset/virat_cat_cropped/9/6-9-VIRAT_S_040003_00_000000_000072
train,9,24-9-VIRAT_S_010203_04_000457_000511,321,/home/grupoavatar/DataSets/ VIRAT Ground Dataset/virat_cat_cropped/9/24-9-VIRAT_S_010203_04_000457_000511
train,9,26-9-VIRAT_S_010206_01_000124_000206,439,/home/grupoavatar/DataSets/ VIRAT Ground Dataset/virat_cat_cropped/9/26-9-VIRAT_S_010206_01_000124_000206
train,9,37-9-VIRAT_S_010203_06_000620_000760,493,/home/grupoavatar/DataSets/ VIRAT Ground Dataset/virat_cat_cropped/9/37-9-VIRAT_S_010203_06_000620_000760
train,9,18-9-VIRAT_S_010204_09_001285_001336,542,/home/grupoavatar/DataSets/ VIRAT Ground Dataset/virat_cat_cropped/9/18-9-VIRAT_S_010204_09_001285_001336
train,9,69-9-VIRAT_S_010200_03_000470_000567,639,/home/grupoavatar/DataSets/ VIRAT Ground Dataset/virat_cat_cropped/9/69-9-VIRAT_S_010200_03_000470_000567
train,9,40-9-VIRAT_S_010203_06_000620_000760,211,/home/grupoavatar/DataSets/ VIRAT Ground Dataset/virat_cat_cropped/9/40-9-VIRAT_S_010203_06_000620_000760
train,9,29-9-VIRAT_S_000101,292,/home/grupoavatar/DataSets/ VIRAT Ground Dataset/virat_cat_cropped/9/29-9-VIRAT_S_000101
train,9,41-9-VIRAT_S_010203_06_000620_000760,1210,/home/grupoavatar/DataSets/ VIRAT Ground Dataset/virat_cat_cropped/9/41-9-VIRAT_S_010203_06_000620_000760
train,9,11-9-VIRAT_S_010200_04_000568_000620,771,/home/grupoavatar/DataSets/ VIRAT Ground Dataset/virat_cat_cropped/9/11-9-VIRAT_S_010200_04_000568_000620
train,9,30-9-VIRAT_S_010004_07_000729_000809,1077,/home/grupoavatar/DataSets/ VIRAT Ground Dataset/virat_cat_cropped/9/30-9-VIRAT_S_010004_07_000729_000809
train,9,7-9-VIRAT_S_010002_04_000307_000350,481,/home/grupoavatar/DataSets/ VIRAT Ground Dataset/virat_cat_cropped/9/7-9-VIRAT_S_010002_04_000307_000350
train,9,21-9-VIRAT_S_010203_08_000895_000975,304,/home/grupoavatar/DataSets/ VIRAT Ground Dataset/virat_cat_cropped/9/21-9-VIRAT_S_010203_08_000895_000975
train,9,4-9-VIRAT_S_010208_03_000201_000232,561,/home/grupoavatar/DataSets/ VIRAT Ground Dataset/virat_cat_cropped/9/4-9-VIRAT_S_010208_03_000201_000232
train,9,19-9-VIRAT_S_040103_05_000729_000804,474,/home/grupoavatar/DataSets/ VIRAT Ground Dataset/virat_cat_cropped/9/19-9-VIRAT_S_040103_05_000729_000804
train,9,33-9-VIRAT_S_050000_09_001310_001373,353,/home/grupoavatar/DataSets/ VIRAT Ground Dataset/virat_cat_cropped/9/33-9-VIRAT_S_050000_09_001310_001373
train,9,19-9-VIRAT_S_010004_00_000064_000100,102,/home/grupoavatar/DataSets/ VIRAT Ground Dataset/virat_cat_cropped/9/19-9-VIRAT_S_010004_00_000064_000100
train,9,18-9-VIRAT_S_050000_08_001235_001295,848,/home/grupoavatar/DataSets/ VIRAT Ground Dataset/virat_cat_cropped/9/18-9-VIRAT_S_050000_08_001235_001295
train,9,45-9-VIRAT_S_010003_13_001066_001124,224,/home/grupoavatar/DataSets/ VIRAT Ground Dataset/virat_cat_cropped/9/45-9-VIRAT_S_010003_13_001066_001124
train,9,39-9-VIRAT_S_050000_02_000404_000486,621,/home/grupoavatar/DataSets/ VIRAT Ground Dataset/virat_cat_cropped/9/39-9-VIRAT_S_050000_02_000404_000486
train,9,9-9-VIRAT_S_040003_00_000000_000072,279,/home/grupoavatar/DataSets/ VIRAT Ground Dataset/virat_cat_cropped/9/9-9-VIRAT_S_040003_00_000000_000072
train,9,154-9-VIRAT_S_050300_01_000148_000396,853,/home/grupoavatar/DataSets/ VIRAT Ground Dataset/virat_cat_cropped/9/154-9-VIRAT_S_050300_01_000148_000396
train,9,39-9-VIRAT_S_010204_05_000856_000890,321,/home/grupoavatar/DataSets/ VIRAT Ground Dataset/virat_cat_cropped/9/39-9-VIRAT_S_010204_05_000856_000890
train,9,34-9-VIRAT_S_010004_07_000729_000809,680,/home/grupoavatar/DataSets/ VIRAT Ground Dataset/virat_cat_cropped/9/34-9-VIRAT_S_010004_07_000729_000809
train,9,44-9-VIRAT_S_000200_04_000937_001443,1320,/home/grupoavatar/DataSets/ VIRAT Ground Dataset/virat_cat_cropped/9/44-9-VIRAT_S_000200_04_000937_001443
train,9,6-9-VIRAT_S_010200_04_000568_000620,499,/home/grupoavatar/DataSets/ VIRAT Ground Dataset/virat_cat_cropped/9/6-9-VIRAT_S_010200_04_000568_000620
train,9,29-9-VIRAT_S_040104_05_000939_001116,859,/home/grupoavatar/DataSets/ VIRAT Ground Dataset/virat_cat_cropped/9/29-9-VIRAT_S_040104_05_000939_001116
train,9,72-9-VIRAT_S_050300_03_000726_000834,51,/home/grupoavatar/DataSets/ VIRAT Ground Dataset/virat_cat_cropped/9/72-9-VIRAT_S_050300_03_000726_000834
train,9,45-9-VIRAT_S_000200_04_000937_001443,431,/home/grupoavatar/DataSets/ VIRAT Ground Dataset/virat_cat_cropped/9/45-9-VIRAT_S_000200_04_000937_001443
train,9,28-9-VIRAT_S_010203_04_000457_000511,177,/home/grupoavatar/DataSets/ VIRAT Ground Dataset/virat_cat_cropped/9/28-9-VIRAT_S_010203_04_000457_000511
train,9,6-9-VIRAT_S_010002_03_000236_000261,506,/home/grupoavatar/DataSets/ VIRAT Ground Dataset/virat_cat_cropped/9/6-9-VIRAT_S_010002_03_000236_000261
train,9,96-9-VIRAT_S_050300_06_001427_001616,593,/home/grupoavatar/DataSets/ VIRAT Ground Dataset/virat_cat_cropped/9/96-9-VIRAT_S_050300_06_001427_001616
train,9,6-9-VIRAT_S_050201_00_000012_000116,504,/home/grupoavatar/DataSets/ VIRAT Ground Dataset/virat_cat_cropped/9/6-9-VIRAT_S_050201_00_000012_000116
train,9,30-9-VIRAT_S_010205_06_000830_000904,573,/home/grupoavatar/DataSets/ VIRAT Ground Dataset/virat_cat_cropped/9/30-9-VIRAT_S_010205_06_000830_000904
train,9,55-9-VIRAT_S_040104_06_001121_001241,491,/home/grupoavatar/DataSets/ VIRAT Ground Dataset/virat_cat_cropped/9/55-9-VIRAT_S_040104_06_001121_001241
train,9,46-9-VIRAT_S_000200_04_000937_001443,886,/home/grupoavatar/DataSets/ VIRAT Ground Dataset/virat_cat_cropped/9/46-9-VIRAT_S_000200_04_000937_001443
train,9,36-9-VIRAT_S_010201_03_000270_000359,1082,/home/grupoavatar/DataSets/ VIRAT Ground Dataset/virat_cat_cropped/9/36-9-VIRAT_S_010201_03_000270_000359
train,9,49-9-VIRAT_S_040103_03_000284_000425,575,/home/grupoavatar/DataSets/ VIRAT Ground Dataset/virat_cat_cropped/9/49-9-VIRAT_S_040103_03_000284_000425
train,9,4-9-VIRAT_S_050201_00_000012_000116,1077,/home/grupoavatar/DataSets/ VIRAT Ground Dataset/virat_cat_cropped/9/4-9-VIRAT_S_050201_00_000012_000116
train,9,38-9-VIRAT_S_010204_05_000856_000890,77,/home/grupoavatar/DataSets/ VIRAT Ground Dataset/virat_cat_cropped/9/38-9-VIRAT_S_010204_05_000856_000890
train,9,18-9-VIRAT_S_010004_00_000064_000100,298,/home/grupoavatar/DataSets/ VIRAT Ground Dataset/virat_cat_cropped/9/18-9-VIRAT_S_010004_00_000064_000100
train,9,42-9-VIRAT_S_010203_06_000620_000760,1203,/home/grupoavatar/DataSets/ VIRAT Ground Dataset/virat_cat_cropped/9/42-9-VIRAT_S_010203_06_000620_000760
train,9,11-9-VIRAT_S_010203_08_000895_000975,354,/home/grupoavatar/DataSets/ VIRAT Ground Dataset/virat_cat_cropped/9/11-9-VIRAT_S_010203_08_000895_000975
train,9,7-9-VIRAT_S_010203_08_000895_000975,224,/home/grupoavatar/DataSets/ VIRAT Ground Dataset/virat_cat_cropped/9/7-9-VIRAT_S_010203_08_000895_000975
train,9,38-9-VIRAT_S_040104_02_000459_000721,1363,/home/grupoavatar/DataSets/ VIRAT Ground Dataset/virat_cat_cropped/9/38-9-VIRAT_S_040104_02_000459_000721
train,9,10-9-VIRAT_S_010203_08_000895_000975,776,/home/grupoavatar/DataSets/ VIRAT Ground Dataset/virat_cat_cropped/9/10-9-VIRAT_S_010203_08_000895_000975
train,9,19-9-VIRAT_S_010204_09_001285_001336,240,/home/grupoavatar/DataSets/ VIRAT Ground Dataset/virat_cat_cropped/9/19-9-VIRAT_S_010204_09_001285_001336
train,9,7-9-VIRAT_S_010207_01_000712_000752,99,/home/grupoavatar/DataSets/ VIRAT Ground Dataset/virat_cat_cropped/9/7-9-VIRAT_S_010207_01_000712_000752
train,9,71-9-VIRAT_S_050300_03_000726_000834,424,/home/grupoavatar/DataSets/ VIRAT Ground Dataset/virat_cat_cropped/9/71-9-VIRAT_S_050300_03_000726_000834
train,9,7-9-VIRAT_S_010200_04_000568_000620,365,/home/grupoavatar/DataSets/ VIRAT Ground Dataset/virat_cat_cropped/9/7-9-VIRAT_S_010200_04_000568_000620
train,9,2-9-VIRAT_S_010207_08_001308_001332,321,/home/grupoavatar/DataSets/ VIRAT Ground Dataset/virat_cat_cropped/9/2-9-VIRAT_S_010207_08_001308_001332
train,9,58-9-VIRAT_S_010001_02_000195_000498,730,/home/grupoavatar/DataSets/ VIRAT Ground Dataset/virat_cat_cropped/9/58-9-VIRAT_S_010001_02_000195_000498
train,9,54-9-VIRAT_S_000201_00_000018_000380,633,/home/grupoavatar/DataSets/ VIRAT Ground Dataset/virat_cat_cropped/9/54-9-VIRAT_S_000201_00_000018_000380
train,9,45-9-VIRAT_S_050000_02_000404_000486,421,/home/grupoavatar/DataSets/ VIRAT Ground Dataset/virat_cat_cropped/9/45-9-VIRAT_S_050000_02_000404_000486
train,9,64-9-VIRAT_S_040104_02_000459_000721,151,/home/grupoavatar/DataSets/ VIRAT Ground Dataset/virat_cat_cropped/9/64-9-VIRAT_S_040104_02_000459_000721
train,9,3-9-VIRAT_S_010207_01_000712_000752,476,/home/grupoavatar/DataSets/ VIRAT Ground Dataset/virat_cat_cropped/9/3-9-VIRAT_S_010207_01_000712_000752
train,9,27-9-VIRAT_S_050000_08_001235_001295,539,/home/grupoavatar/DataSets/ VIRAT Ground Dataset/virat_cat_cropped/9/27-9-VIRAT_S_050000_08_001235_001295
train,9,45-9-VIRAT_S_000101,284,/home/grupoavatar/DataSets/ VIRAT Ground Dataset/virat_cat_cropped/9/45-9-VIRAT_S_000101
train,9,46-9-VIRAT_S_050000_02_000404_000486,244,/home/grupoavatar/DataSets/ VIRAT Ground Dataset/virat_cat_cropped/9/46-9-VIRAT_S_050000_02_000404_000486
train,9,29-9-VIRAT_S_010205_06_000830_000904,210,/home/grupoavatar/DataSets/ VIRAT Ground Dataset/virat_cat_cropped/9/29-9-VIRAT_S_010205_06_000830_000904
train,9,50-9-VIRAT_S_000201_00_000018_000380,37,/home/grupoavatar/DataSets/ VIRAT Ground Dataset/virat_cat_cropped/9/50-9-VIRAT_S_000201_00_000018_000380
train,9,16-9-VIRAT_S_010203_08_000895_000975,663,/home/grupoavatar/DataSets/ VIRAT Ground Dataset/virat_cat_cropped/9/16-9-VIRAT_S_010203_08_000895_000975
train,9,6-9-VIRAT_S_010002_04_000307_000350,266,/home/grupoavatar/DataSets/ VIRAT Ground Dataset/virat_cat_cropped/9/6-9-VIRAT_S_010002_04_000307_000350
train,9,46-9-VIRAT_S_040003_05_001123_001437,1237,/home/grupoavatar/DataSets/ VIRAT Ground Dataset/virat_cat_cropped/9/46-9-VIRAT_S_040003_05_001123_001437
train,9,158-9-VIRAT_S_050300_01_000148_000396,181,/home/grupoavatar/DataSets/ VIRAT Ground Dataset/virat_cat_cropped/9/158-9-VIRAT_S_050300_01_000148_000396
train,9,7-9-VIRAT_S_010200_06_000702_000744,715,/home/grupoavatar/DataSets/ VIRAT Ground Dataset/virat_cat_cropped/9/7-9-VIRAT_S_010200_06_000702_000744
train,9,17-9-VIRAT_S_010204_09_001285_001336,293,/home/grupoavatar/DataSets/ VIRAT Ground Dataset/virat_cat_cropped/9/17-9-VIRAT_S_010204_09_001285_001336
train,9,42-9-VIRAT_S_000201_00_000018_000380,1144,/home/grupoavatar/DataSets/ VIRAT Ground Dataset/virat_cat_cropped/9/42-9-VIRAT_S_000201_00_000018_000380
train,9,10-9-VIRAT_S_010200_04_000568_000620,870,/home/grupoavatar/DataSets/ VIRAT Ground Dataset/virat_cat_cropped/9/10-9-VIRAT_S_010200_04_000568_000620
train,9,40-9-VIRAT_S_050000_09_001310_001373,232,/home/grupoavatar/DataSets/ VIRAT Ground Dataset/virat_cat_cropped/9/40-9-VIRAT_S_050000_09_001310_001373
train,9,28-9-VIRAT_S_040104_05_000939_001116,224,/home/grupoavatar/DataSets/ VIRAT Ground Dataset/virat_cat_cropped/9/28-9-VIRAT_S_040104_05_000939_001116
train,9,1-9-VIRAT_S_010204_00_000030_000059,355,/home/grupoavatar/DataSets/ VIRAT Ground Dataset/virat_cat_cropped/9/1-9-VIRAT_S_010204_00_000030_000059
train,9,42-9-VIRAT_S_010201_04_000374_000469,621,/home/grupoavatar/DataSets/ VIRAT Ground Dataset/virat_cat_cropped/9/42-9-VIRAT_S_010201_04_000374_000469
train,9,17-9-VIRAT_S_010004_00_000064_000100,425,/home/grupoavatar/DataSets/ VIRAT Ground Dataset/virat_cat_cropped/9/17-9-VIRAT_S_010004_00_000064_000100
train,9,15-9-VIRAT_S_050000_08_001235_001295,272,/home/grupoavatar/DataSets/ VIRAT Ground Dataset/virat_cat_cropped/9/15-9-VIRAT_S_050000_08_001235_001295
train,9,72-9-VIRAT_S_010001_02_000195_000498,1105,/home/grupoavatar/DataSets/ VIRAT Ground Dataset/virat_cat_cropped/9/72-9-VIRAT_S_010001_02_000195_000498
train,9,10-9-VIRAT_S_010200_06_000702_000744,329,/home/grupoavatar/DataSets/ VIRAT Ground Dataset/virat_cat_cropped/9/10-9-VIRAT_S_010200_06_000702_000744
train,9,3-9-VIRAT_S_050201_00_000012_000116,556,/home/grupoavatar/DataSets/ VIRAT Ground Dataset/virat_cat_cropped/9/3-9-VIRAT_S_050201_00_000012_000116
train,9,34-9-VIRAT_S_010203_06_000620_000760,807,/home/grupoavatar/DataSets/ VIRAT Ground Dataset/virat_cat_cropped/9/34-9-VIRAT_S_010203_06_000620_000760
train,9,27-9-VIRAT_S_010205_06_000830_000904,1128,/home/grupoavatar/DataSets/ VIRAT Ground Dataset/virat_cat_cropped/9/27-9-VIRAT_S_010205_06_000830_000904
train,9,34-9-VIRAT_S_000201_00_000018_000380,1236,/home/grupoavatar/DataSets/ VIRAT Ground Dataset/virat_cat_cropped/9/34-9-VIRAT_S_000201_00_000018_000380
train,9,27-9-VIRAT_S_010004_07_000729_000809,519,/home/grupoavatar/DataSets/ VIRAT Ground Dataset/virat_cat_cropped/9/27-9-VIRAT_S_010004_07_000729_000809
train,9,2-9-VIRAT_S_010208_03_000201_000232,152,/home/grupoavatar/DataSets/ VIRAT Ground Dataset/virat_cat_cropped/9/2-9-VIRAT_S_010208_03_000201_000232
train,9,47-9-VIRAT_S_010003_13_001066_001124,405,/home/grupoavatar/DataSets/ VIRAT Ground Dataset/virat_cat_cropped/9/47-9-VIRAT_S_010003_13_001066_001124
train,9,33-9-VIRAT_S_010201_04_000374_000469,192,/home/grupoavatar/DataSets/ VIRAT Ground Dataset/virat_cat_cropped/9/33-9-VIRAT_S_010201_04_000374_000469
train,9,6-9-VIRAT_S_010206_00_000007_000035,282,/home/grupoavatar/DataSets/ VIRAT Ground Dataset/virat_cat_cropped/9/6-9-VIRAT_S_010206_00_000007_000035
train,9,34-9-VIRAT_S_050000_09_001310_001373,1184,/home/grupoavatar/DataSets/ VIRAT Ground Dataset/virat_cat_cropped/9/34-9-VIRAT_S_050000_09_001310_001373
train,9,46-9-VIRAT_S_010003_13_001066_001124,293,/home/grupoavatar/DataSets/ VIRAT Ground Dataset/virat_cat_cropped/9/46-9-VIRAT_S_010003_13_001066_001124
train,9,4-9-VIRAT_S_010002_02_000174_000204,282,/home/grupoavatar/DataSets/ VIRAT Ground Dataset/virat_cat_cropped/9/4-9-VIRAT_S_010002_02_000174_000204
train,9,47-9-VIRAT_S_040104_02_000459_000721,134,/home/grupoavatar/DataSets/ VIRAT Ground Dataset/virat_cat_cropped/9/47-9-VIRAT_S_040104_02_000459_000721
train,9,5-9-VIRAT_S_010003_10_000901_000934,122,/home/grupoavatar/DataSets/ VIRAT Ground Dataset/virat_cat_cropped/9/5-9-VIRAT_S_010003_10_000901_000934
train,9,41-9-VIRAT_S_000201_00_000018_000380,1768,/home/grupoavatar/DataSets/ VIRAT Ground Dataset/virat_cat_cropped/9/41-9-VIRAT_S_000201_00_000018_000380
train,9,60-9-VIRAT_S_010001_02_000195_000498,657,/home/grupoavatar/DataSets/ VIRAT Ground Dataset/virat_cat_cropped/9/60-9-VIRAT_S_010001_02_000195_000498
train,9,98-9-VIRAT_S_050300_06_001427_001616,319,/home/grupoavatar/DataSets/ VIRAT Ground Dataset/virat_cat_cropped/9/98-9-VIRAT_S_050300_06_001427_001616
train,9,24-9-VIRAT_S_050000_08_001235_001295,230,/home/grupoavatar/DataSets/ VIRAT Ground Dataset/virat_cat_cropped/9/24-9-VIRAT_S_050000_08_001235_001295
train,9,16-9-VIRAT_S_010204_09_001285_001336,170,/home/grupoavatar/DataSets/ VIRAT Ground Dataset/virat_cat_cropped/9/16-9-VIRAT_S_010204_09_001285_001336
train,9,8-9-VIRAT_S_040103_02_000199_000279,855,/home/grupoavatar/DataSets/ VIRAT Ground Dataset/virat_cat_cropped/9/8-9-VIRAT_S_040103_02_000199_000279
train,9,27-9-VIRAT_S_010203_04_000457_000511,326,/home/grupoavatar/DataSets/ VIRAT Ground Dataset/virat_cat_cropped/9/27-9-VIRAT_S_010203_04_000457_000511
train,9,45-9-VIRAT_S_010203_06_000620_000760,75,/home/grupoavatar/DataSets/ VIRAT Ground Dataset/virat_cat_cropped/9/45-9-VIRAT_S_010203_06_000620_000760
train,9,60-9-VIRAT_S_040104_02_000459_000721,2119,/home/grupoavatar/DataSets/ VIRAT Ground Dataset/virat_cat_cropped/9/60-9-VIRAT_S_040104_02_000459_000721
train,9,28-9-VIRAT_S_010206_01_000124_000206,456,/home/grupoavatar/DataSets/ VIRAT Ground Dataset/virat_cat_cropped/9/28-9-VIRAT_S_010206_01_000124_000206
train,9,21-9-VIRAT_S_010203_04_000457_000511,758,/home/grupoavatar/DataSets/ VIRAT Ground Dataset/virat_cat_cropped/9/21-9-VIRAT_S_010203_04_000457_000511
train,9,35-9-VIRAT_S_050000_09_001310_001373,1048,/home/grupoavatar/DataSets/ VIRAT Ground Dataset/virat_cat_cropped/9/35-9-VIRAT_S_050000_09_001310_001373
train,9,38-9-VIRAT_S_050000_09_001310_001373,362,/home/grupoavatar/DataSets/ VIRAT Ground Dataset/virat_cat_cropped/9/38-9-VIRAT_S_050000_09_001310_001373
train,9,75-9-VIRAT_S_050300_03_000726_000834,813,/home/grupoavatar/DataSets/ VIRAT Ground Dataset/virat_cat_cropped/9/75-9-VIRAT_S_050300_03_000726_000834
train,9,43-9-VIRAT_S_040104_02_000459_000721,450,/home/grupoavatar/DataSets/ VIRAT Ground Dataset/virat_cat_cropped/9/43-9-VIRAT_S_040104_02_000459_000721
train,9,16-9-VIRAT_S_050000_08_001235_001295,740,/home/grupoavatar/DataSets/ VIRAT Ground Dataset/virat_cat_cropped/9/16-9-VIRAT_S_050000_08_001235_001295
train,9,5-9-VIRAT_S_010206_00_000007_000035,164,/home/grupoavatar/DataSets/ VIRAT Ground Dataset/virat_cat_cropped/9/5-9-VIRAT_S_010206_00_000007_000035
train,9,36-9-VIRAT_S_010203_06_000620_000760,509,/home/grupoavatar/DataSets/ VIRAT Ground Dataset/virat_cat_cropped/9/36-9-VIRAT_S_010203_06_000620_000760
train,9,6-9-VIRAT_S_010003_10_000901_000934,444,/home/grupoavatar/DataSets/ VIRAT Ground Dataset/virat_cat_cropped/9/6-9-VIRAT_S_010003_10_000901_000934
train,9,9-9-VIRAT_S_010002_04_000307_000350,281,/home/grupoavatar/DataSets/ VIRAT Ground Dataset/virat_cat_cropped/9/9-9-VIRAT_S_010002_04_000307_000350
train,9,2-9-VIRAT_S_010204_00_000030_000059,178,/home/grupoavatar/DataSets/ VIRAT Ground Dataset/virat_cat_cropped/9/2-9-VIRAT_S_010204_00_000030_000059
train,9,26-9-VIRAT_S_010203_04_000457_000511,535,/home/grupoavatar/DataSets/ VIRAT Ground Dataset/virat_cat_cropped/9/26-9-VIRAT_S_010203_04_000457_000511
train,9,2-9-VIRAT_S_010003_08_000739_000778,418,/home/grupoavatar/DataSets/ VIRAT Ground Dataset/virat_cat_cropped/9/2-9-VIRAT_S_010003_08_000739_000778
train,9,73-9-VIRAT_S_010001_02_000195_000498,888,/home/grupoavatar/DataSets/ VIRAT Ground Dataset/virat_cat_cropped/9/73-9-VIRAT_S_010001_02_000195_000498
train,9,14-9-VIRAT_S_010203_08_000895_000975,602,/home/grupoavatar/DataSets/ VIRAT Ground Dataset/virat_cat_cropped/9/14-9-VIRAT_S_010203_08_000895_000975
train,9,28-9-VIRAT_S_010205_06_000830_000904,211,/home/grupoavatar/DataSets/ VIRAT Ground Dataset/virat_cat_cropped/9/28-9-VIRAT_S_010205_06_000830_000904
train,9,33-9-VIRAT_S_010203_06_000620_000760,1081,/home/grupoavatar/DataSets/ VIRAT Ground Dataset/virat_cat_cropped/9/33-9-VIRAT_S_010203_06_000620_000760
train,9,53-9-VIRAT_S_000201_00_000018_000380,322,/home/grupoavatar/DataSets/ VIRAT Ground Dataset/virat_cat_cropped/9/53-9-VIRAT_S_000201_00_000018_000380
train,9,9-9-VIRAT_S_010200_04_000568_000620,456,/home/grupoavatar/DataSets/ VIRAT Ground Dataset/virat_cat_cropped/9/9-9-VIRAT_S_010200_04_000568_000620
train,9,9-9-VIRAT_S_050000_11_001530_001576,195,/home/grupoavatar/DataSets/ VIRAT Ground Dataset/virat_cat_cropped/9/9-9-VIRAT_S_050000_11_001530_001576
train,9,21-9-VIRAT_S_010203_07_000775_000869,725,/home/grupoavatar/DataSets/ VIRAT Ground Dataset/virat_cat_cropped/9/21-9-VIRAT_S_010203_07_000775_000869
train,9,22-9-VIRAT_S_010203_04_000457_000511,177,/home/grupoavatar/DataSets/ VIRAT Ground Dataset/virat_cat_cropped/9/22-9-VIRAT_S_010203_04_000457_000511
train,9,156-9-VIRAT_S_050300_01_000148_000396,576,/home/grupoavatar/DataSets/ VIRAT Ground Dataset/virat_cat_cropped/9/156-9-VIRAT_S_050300_01_000148_000396
train,9,43-9-VIRAT_S_010203_06_000620_000760,209,/home/grupoavatar/DataSets/ VIRAT Ground Dataset/virat_cat_cropped/9/43-9-VIRAT_S_010203_06_000620_000760
train,9,10-9-VIRAT_S_040103_02_000199_000279,1395,/home/grupoavatar/DataSets/ VIRAT Ground Dataset/virat_cat_cropped/9/10-9-VIRAT_S_040103_02_000199_000279
train,9,95-9-VIRAT_S_050300_06_001427_001616,438,/home/grupoavatar/DataSets/ VIRAT Ground Dataset/virat_cat_cropped/9/95-9-VIRAT_S_050300_06_001427_001616
train,9,25-9-VIRAT_S_010203_04_000457_000511,728,/home/grupoavatar/DataSets/ VIRAT Ground Dataset/virat_cat_cropped/9/25-9-VIRAT_S_010203_04_000457_000511
train,9,31-9-VIRAT_S_050301_00_000000_000036,165,/home/grupoavatar/DataSets/ VIRAT Ground Dataset/virat_cat_cropped/9/31-9-VIRAT_S_050301_00_000000_000036
train,9,4-9-VIRAT_S_010206_00_000007_000035,149,/home/grupoavatar/DataSets/ VIRAT Ground Dataset/virat_cat_cropped/9/4-9-VIRAT_S_010206_00_000007_000035
train,9,39-9-VIRAT_S_010203_06_000620_000760,597,/home/grupoavatar/DataSets/ VIRAT Ground Dataset/virat_cat_cropped/9/39-9-VIRAT_S_010203_06_000620_000760
train,9,70-9-VIRAT_S_010200_03_000470_000567,836,/home/grupoavatar/DataSets/ VIRAT Ground Dataset/virat_cat_cropped/9/70-9-VIRAT_S_010200_03_000470_000567
train,9,5-9-VIRAT_S_010207_01_000712_000752,73,/home/grupoavatar/DataSets/ VIRAT Ground Dataset/virat_cat_cropped/9/5-9-VIRAT_S_010207_01_000712_000752
train,9,26-9-VIRAT_S_010000_03_000442_000528,460,/home/grupoavatar/DataSets/ VIRAT Ground Dataset/virat_cat_cropped/9/26-9-VIRAT_S_010000_03_000442_000528
train,9,155-9-VIRAT_S_050300_01_000148_000396,826,/home/grupoavatar/DataSets/ VIRAT Ground Dataset/virat_cat_cropped/9/155-9-VIRAT_S_050300_01_000148_000396
train,9,17-9-VIRAT_S_010203_08_000895_000975,663,/home/grupoavatar/DataSets/ VIRAT Ground Dataset/virat_cat_cropped/9/17-9-VIRAT_S_010203_08_000895_000975
train,9,20-9-VIRAT_S_010203_08_000895_000975,622,/home/grupoavatar/DataSets/ VIRAT Ground Dataset/virat_cat_cropped/9/20-9-VIRAT_S_010203_08_000895_000975
train,9,42-9-VIRAT_S_050000_02_000404_000486,222,/home/grupoavatar/DataSets/ VIRAT Ground Dataset/virat_cat_cropped/9/42-9-VIRAT_S_050000_02_000404_000486
train,9,13-9-VIRAT_S_010200_04_000568_000620,101,/home/grupoavatar/DataSets/ VIRAT Ground Dataset/virat_cat_cropped/9/13-9-VIRAT_S_010200_04_000568_000620
train,9,6-9-VIRAT_S_010203_08_000895_000975,170,/home/grupoavatar/DataSets/ VIRAT Ground Dataset/virat_cat_cropped/9/6-9-VIRAT_S_010203_08_000895_000975
train,9,18-9-VIRAT_S_040104_00_000120_000224,597,/home/grupoavatar/DataSets/ VIRAT Ground Dataset/virat_cat_cropped/9/18-9-VIRAT_S_040104_00_000120_000224
train,9,38-9-VIRAT_S_040001_02_001102_001530,1234,/home/grupoavatar/DataSets/ VIRAT Ground Dataset/virat_cat_cropped/9/38-9-VIRAT_S_040001_02_001102_001530
train,9,27-9-VIRAT_S_010000_03_000442_000528,792,/home/grupoavatar/DataSets/ VIRAT Ground Dataset/virat_cat_cropped/9/27-9-VIRAT_S_010000_03_000442_000528
train,9,13-9-VIRAT_S_010203_07_000775_000869,489,/home/grupoavatar/DataSets/ VIRAT Ground Dataset/virat_cat_cropped/9/13-9-VIRAT_S_010203_07_000775_000869
train,9,6-9-VIRAT_S_010003_08_000739_000778,275,/home/grupoavatar/DataSets/ VIRAT Ground Dataset/virat_cat_cropped/9/6-9-VIRAT_S_010003_08_000739_000778
train,9,32-9-VIRAT_S_010004_07_000729_000809,164,/home/grupoavatar/DataSets/ VIRAT Ground Dataset/virat_cat_cropped/9/32-9-VIRAT_S_010004_07_000729_000809
train,9,92-9-VIRAT_S_050300_06_001427_001616,77,/home/grupoavatar/DataSets/ VIRAT Ground Dataset/virat_cat_cropped/9/92-9-VIRAT_S_050300_06_001427_001616
train,9,4-9-VIRAT_S_010003_10_000901_000934,577,/home/grupoavatar/DataSets/ VIRAT Ground Dataset/virat_cat_cropped/9/4-9-VIRAT_S_010003_10_000901_000934
train,9,32-9-VIRAT_S_000201_00_000018_000380,411,/home/grupoavatar/DataSets/ VIRAT Ground Dataset/virat_cat_cropped/9/32-9-VIRAT_S_000201_00_000018_000380
train,9,61-9-VIRAT_S_040104_06_001121_001241,491,/home/grupoavatar/DataSets/ VIRAT Ground Dataset/virat_cat_cropped/9/61-9-VIRAT_S_040104_06_001121_001241
train,9,1-9-VIRAT_S_040000_04_000532_000622,539,/home/grupoavatar/DataSets/ VIRAT Ground Dataset/virat_cat_cropped/9/1-9-VIRAT_S_040000_04_000532_000622
train,9,0-9-VIRAT_S_010110_00_000000_000021,183,/home/grupoavatar/DataSets/ VIRAT Ground Dataset/virat_cat_cropped/9/0-9-VIRAT_S_010110_00_000000_000021
train,9,63-9-VIRAT_S_040104_02_000459_000721,488,/home/grupoavatar/DataSets/ VIRAT Ground Dataset/virat_cat_cropped/9/63-9-VIRAT_S_040104_02_000459_000721
train,9,41-9-VIRAT_S_010204_05_000856_000890,284,/home/grupoavatar/DataSets/ VIRAT Ground Dataset/virat_cat_cropped/9/41-9-VIRAT_S_010204_05_000856_000890
train,9,12-9-VIRAT_S_010106_05_000954_000996,368,/home/grupoavatar/DataSets/ VIRAT Ground Dataset/virat_cat_cropped/9/12-9-VIRAT_S_010106_05_000954_000996
train,9,8-9-VIRAT_S_050201_00_000012_000116,710,/home/grupoavatar/DataSets/ VIRAT Ground Dataset/virat_cat_cropped/9/8-9-VIRAT_S_050201_00_000012_000116
train,9,1-9-VIRAT_S_010207_09_001484_001510,389,/home/grupoavatar/DataSets/ VIRAT Ground Dataset/virat_cat_cropped/9/1-9-VIRAT_S_010207_09_001484_001510
train,9,37-9-VIRAT_S_050000_09_001310_001373,524,/home/grupoavatar/DataSets/ VIRAT Ground Dataset/virat_cat_cropped/9/37-9-VIRAT_S_050000_09_001310_001373
train,9,2-9-VIRAT_S_010206_05_000797_000823,339,/home/grupoavatar/DataSets/ VIRAT Ground Dataset/virat_cat_cropped/9/2-9-VIRAT_S_010206_05_000797_000823
train,9,35-9-VIRAT_S_010201_03_000270_000359,1132,/home/grupoavatar/DataSets/ VIRAT Ground Dataset/virat_cat_cropped/9/35-9-VIRAT_S_010201_03_000270_000359
train,9,19-9-VIRAT_S_010203_07_000775_000869,760,/home/grupoavatar/DataSets/ VIRAT Ground Dataset/virat_cat_cropped/9/19-9-VIRAT_S_010203_07_000775_000869
train,9,33-9-VIRAT_S_000201_00_000018_000380,191,/home/grupoavatar/DataSets/ VIRAT Ground Dataset/virat_cat_cropped/9/33-9-VIRAT_S_000201_00_000018_000380
train,9,37-9-VIRAT_S_040001_02_001102_001530,1244,/home/grupoavatar/DataSets/ VIRAT Ground Dataset/virat_cat_cropped/9/37-9-VIRAT_S_040001_02_001102_001530
train,9,25-9-VIRAT_S_050000_08_001235_001295,1105,/home/grupoavatar/DataSets/ VIRAT Ground Dataset/virat_cat_cropped/9/25-9-VIRAT_S_050000_08_001235_001295
train,9,32-9-VIRAT_S_010201_04_000374_000469,621,/home/grupoavatar/DataSets/ VIRAT Ground Dataset/virat_cat_cropped/9/32-9-VIRAT_S_010201_04_000374_000469
train,9,38-9-VIRAT_S_010201_03_000270_000359,1243,/home/grupoavatar/DataSets/ VIRAT Ground Dataset/virat_cat_cropped/9/38-9-VIRAT_S_010201_03_000270_000359
train,9,5-9-VIRAT_S_010200_04_000568_000620,519,/home/grupoavatar/DataSets/ VIRAT Ground Dataset/virat_cat_cropped/9/5-9-VIRAT_S_010200_04_000568_000620
train,9,30-9-VIRAT_S_010206_01_000124_000206,403,/home/grupoavatar/DataSets/ VIRAT Ground Dataset/virat_cat_cropped/9/30-9-VIRAT_S_010206_01_000124_000206
train,9,31-9-VIRAT_S_050000_08_001235_001295,21,/home/grupoavatar/DataSets/ VIRAT Ground Dataset/virat_cat_cropped/9/31-9-VIRAT_S_050000_08_001235_001295
train,9,7-9-VIRAT_S_050000_11_001530_001576,832,/home/grupoavatar/DataSets/ VIRAT Ground Dataset/virat_cat_cropped/9/7-9-VIRAT_S_050000_11_001530_001576
train,9,37-9-VIRAT_S_010201_03_000270_000359,884,/home/grupoavatar/DataSets/ VIRAT Ground Dataset/virat_cat_cropped/9/37-9-VIRAT_S_010201_03_000270_000359
train,9,37-9-VIRAT_S_010204_05_000856_000890,583,/home/grupoavatar/DataSets/ VIRAT Ground Dataset/virat_cat_cropped/9/37-9-VIRAT_S_010204_05_000856_000890
train,9,35-9-VIRAT_S_010114_00_000006_000116,452,/home/grupoavatar/DataSets/ VIRAT Ground Dataset/virat_cat_cropped/9/35-9-VIRAT_S_010114_00_000006_000116
train,9,8-9-VIRAT_S_010002_04_000307_000350,282,/home/grupoavatar/DataSets/ VIRAT Ground Dataset/virat_cat_cropped/9/8-9-VIRAT_S_010002_04_000307_000350
train,9,39-9-VIRAT_S_040103_03_000284_000425,551,/home/grupoavatar/DataSets/ VIRAT Ground Dataset/virat_cat_cropped/9/39-9-VIRAT_S_040103_03_000284_000425
train,9,16-9-VIRAT_S_040003_01_000083_000193,1575,/home/grupoavatar/DataSets/ VIRAT Ground Dataset/virat_cat_cropped/9/16-9-VIRAT_S_040003_01_000083_000193
train,9,10-9-VIRAT_S_050000_04_000640_000690,1491,/home/grupoavatar/DataSets/ VIRAT Ground Dataset/virat_cat_cropped/9/10-9-VIRAT_S_050000_04_000640_000690
train,9,73-9-VIRAT_S_050300_03_000726_000834,1254,/home/grupoavatar/DataSets/ VIRAT Ground Dataset/virat_cat_cropped/9/73-9-VIRAT_S_050300_03_000726_000834
train,9,22-9-VIRAT_S_000101,1133,/home/grupoavatar/DataSets/ VIRAT Ground Dataset/virat_cat_cropped/9/22-9-VIRAT_S_000101
train,9,22-9-VIRAT_S_050000_08_001235_001295,1226,/home/grupoavatar/DataSets/ VIRAT Ground Dataset/virat_cat_cropped/9/22-9-VIRAT_S_050000_08_001235_001295
train,9,37-9-VIRAT_S_000201_00_000018_000380,31,/home/grupoavatar/DataSets/ VIRAT Ground Dataset/virat_cat_cropped/9/37-9-VIRAT_S_000201_00_000018_000380
train,9,17-9-VIRAT_S_010203_07_000775_000869,502,/home/grupoavatar/DataSets/ VIRAT Ground Dataset/virat_cat_cropped/9/17-9-VIRAT_S_010203_07_000775_000869
train,9,27-9-VIRAT_S_010206_01_000124_000206,1066,/home/grupoavatar/DataSets/ VIRAT Ground Dataset/virat_cat_cropped/9/27-9-VIRAT_S_010206_01_000124_000206
train,9,10-9-VIRAT_S_010205_01_000207_000288,419,/home/grupoavatar/DataSets/ VIRAT Ground Dataset/virat_cat_cropped/9/10-9-VIRAT_S_010205_01_000207_000288
train,9,35-9-VIRAT_S_000201_00_000018_000380,1257,/home/grupoavatar/DataSets/ VIRAT Ground Dataset/virat_cat_cropped/9/35-9-VIRAT_S_000201_00_000018_000380
train,9,31-9-VIRAT_S_010205_06_000830_000904,422,/home/grupoavatar/DataSets/ VIRAT Ground Dataset/virat_cat_cropped/9/31-9-VIRAT_S_010205_06_000830_000904
train,9,32-9-VIRAT_S_000101,135,/home/grupoavatar/DataSets/ VIRAT Ground Dataset/virat_cat_cropped/9/32-9-VIRAT_S_000101
train,9,27-9-VIRAT_S_040104_00_000120_000224,621,/home/grupoavatar/DataSets/ VIRAT Ground Dataset/virat_cat_cropped/9/27-9-VIRAT_S_040104_00_000120_000224
train,9,36-9-VIRAT_S_010201_04_000374_000469,276,/home/grupoavatar/DataSets/ VIRAT Ground Dataset/virat_cat_cropped/9/36-9-VIRAT_S_010201_04_000374_000469
train,9,11-9-VIRAT_S_050000_04_000640_000690,764,/home/grupoavatar/DataSets/ VIRAT Ground Dataset/virat_cat_cropped/9/11-9-VIRAT_S_050000_04_000640_000690
train,9,50-9-VIRAT_S_000101,622,/home/grupoavatar/DataSets/ VIRAT Ground Dataset/virat_cat_cropped/9/50-9-VIRAT_S_000101
train,9,20-9-VIRAT_S_050000_08_001235_001295,542,/home/grupoavatar/DataSets/ VIRAT Ground Dataset/virat_cat_cropped/9/20-9-VIRAT_S_050000_08_001235_001295
train,9,4-9-VIRAT_S_010202_02_000161_000189,258,/home/grupoavatar/DataSets/ VIRAT Ground Dataset/virat_cat_cropped/9/4-9-VIRAT_S_010202_02_000161_000189
train,9,19-9-VIRAT_S_010203_08_000895_000975,341,/home/grupoavatar/DataSets/ VIRAT Ground Dataset/virat_cat_cropped/9/19-9-VIRAT_S_010203_08_000895_000975
train,9,49-9-VIRAT_S_010112_01_000128_000187,369,/home/grupoavatar/DataSets/ VIRAT Ground Dataset/virat_cat_cropped/9/49-9-VIRAT_S_010112_01_000128_000187
train,9,9-9-VIRAT_S_010204_11_001524_001607,139,/home/grupoavatar/DataSets/ VIRAT Ground Dataset/virat_cat_cropped/9/9-9-VIRAT_S_010204_11_001524_001607
train,9,37-9-VIRAT_S_010201_04_000374_000469,360,/home/grupoavatar/DataSets/ VIRAT Ground Dataset/virat_cat_cropped/9/37-9-VIRAT_S_010201_04_000374_000469
train,9,152-9-VIRAT_S_050300_01_000148_000396,499,/home/grupoavatar/DataSets/ VIRAT Ground Dataset/virat_cat_cropped/9/152-9-VIRAT_S_050300_01_000148_000396
train,9,43-9-VIRAT_S_050000_02_000404_000486,1221,/home/grupoavatar/DataSets/ VIRAT Ground Dataset/virat_cat_cropped/9/43-9-VIRAT_S_050000_02_000404_000486
train,9,38-9-VIRAT_S_000201_00_000018_000380,150,/home/grupoavatar/DataSets/ VIRAT Ground Dataset/virat_cat_cropped/9/38-9-VIRAT_S_000201_00_000018_000380
train,9,38-9-VIRAT_S_050000_02_000404_000486,1221,/home/grupoavatar/DataSets/ VIRAT Ground Dataset/virat_cat_cropped/9/38-9-VIRAT_S_050000_02_000404_000486
train,9,4-9-VIRAT_S_050202_10_002159_002233,585,/home/grupoavatar/DataSets/ VIRAT Ground Dataset/virat_cat_cropped/9/4-9-VIRAT_S_050202_10_002159_002233
train,9,0-9-VIRAT_S_010201_05_000499_000527,468,/home/grupoavatar/DataSets/ VIRAT Ground Dataset/virat_cat_cropped/9/0-9-VIRAT_S_010201_05_000499_000527
train,9,20-9-VIRAT_S_010203_07_000775_000869,772,/home/grupoavatar/DataSets/ VIRAT Ground Dataset/virat_cat_cropped/9/20-9-VIRAT_S_010203_07_000775_000869
train,9,59-9-VIRAT_S_040104_06_001121_001241,725,/home/grupoavatar/DataSets/ VIRAT Ground Dataset/virat_cat_cropped/9/59-9-VIRAT_S_040104_06_001121_001241
train,9,8-9-VIRAT_S_010203_08_000895_000975,521,/home/grupoavatar/DataSets/ VIRAT Ground Dataset/virat_cat_cropped/9/8-9-VIRAT_S_010203_08_000895_000975
train,9,37-9-VIRAT_S_050000_02_000404_000486,1845,/home/grupoavatar/DataSets/ VIRAT Ground Dataset/virat_cat_cropped/9/37-9-VIRAT_S_050000_02_000404_000486
test,9,3-9-VIRAT_S_010204_00_000030_000059,116,/home/grupoavatar/DataSets/ VIRAT Ground Dataset/virat_cat_cropped/9/3-9-VIRAT_S_010204_00_000030_000059
test,9,50-9-VIRAT_S_040001_02_001102_001530,238,/home/grupoavatar/DataSets/ VIRAT Ground Dataset/virat_cat_cropped/9/50-9-VIRAT_S_040001_02_001102_001530
test,9,9-9-VIRAT_S_010203_08_000895_000975,913,/home/grupoavatar/DataSets/ VIRAT Ground Dataset/virat_cat_cropped/9/9-9-VIRAT_S_010203_08_000895_000975
test,9,13-9-VIRAT_S_010203_08_000895_000975,576,/home/grupoavatar/DataSets/ VIRAT Ground Dataset/virat_cat_cropped/9/13-9-VIRAT_S_010203_08_000895_000975
test,9,1-9-VIRAT_S_010003_10_000901_000934,319,/home/grupoavatar/DataSets/ VIRAT Ground Dataset/virat_cat_cropped/9/1-9-VIRAT_S_010003_10_000901_000934
test,9,12-9-VIRAT_S_010200_04_000568_000620,166,/home/grupoavatar/DataSets/ VIRAT Ground Dataset/virat_cat_cropped/9/12-9-VIRAT_S_010200_04_000568_000620
test,9,45-9-VIRAT_S_040103_03_000284_000425,244,/home/grupoavatar/DataSets/ VIRAT Ground Dataset/virat_cat_cropped/9/45-9-VIRAT_S_040103_03_000284_000425
test,9,34-9-VIRAT_S_010201_04_000374_000469,211,/home/grupoavatar/DataSets/ VIRAT Ground Dataset/virat_cat_cropped/9/34-9-VIRAT_S_010201_04_000374_000469
test,9,2-9-VIRAT_S_010201_05_000499_000527,70,/home/grupoavatar/DataSets/ VIRAT Ground Dataset/virat_cat_cropped/9/2-9-VIRAT_S_010201_05_000499_000527
test,9,68-9-VIRAT_S_010200_03_000470_000567,774,/home/grupoavatar/DataSets/ VIRAT Ground Dataset/virat_cat_cropped/9/68-9-VIRAT_S_010200_03_000470_000567
test,9,5-9-VIRAT_S_050201_00_000012_000116,222,/home/grupoavatar/DataSets/ VIRAT Ground Dataset/virat_cat_cropped/9/5-9-VIRAT_S_050201_00_000012_000116
test,9,32-9-VIRAT_S_010203_06_000620_000760,2918,/home/grupoavatar/DataSets/ VIRAT Ground Dataset/virat_cat_cropped/9/32-9-VIRAT_S_010203_06_000620_000760
test,9,70-9-VIRAT_S_010001_02_000195_000498,564,/home/grupoavatar/DataSets/ VIRAT Ground Dataset/virat_cat_cropped/9/70-9-VIRAT_S_010001_02_000195_000498
test,9,76-9-VIRAT_S_010001_02_000195_000498,243,/home/grupoavatar/DataSets/ VIRAT Ground Dataset/virat_cat_cropped/9/76-9-VIRAT_S_010001_02_000195_000498
test,9,31-9-VIRAT_S_010206_01_000124_000206,451,/home/grupoavatar/DataSets/ VIRAT Ground Dataset/virat_cat_cropped/9/31-9-VIRAT_S_010206_01_000124_000206
test,9,15-9-VIRAT_S_010204_09_001285_001336,610,/home/grupoavatar/DataSets/ VIRAT Ground Dataset/virat_cat_cropped/9/15-9-VIRAT_S_010204_09_001285_001336
test,9,24-9-VIRAT_S_010203_07_000775_000869,661,/home/grupoavatar/DataSets/ VIRAT Ground Dataset/virat_cat_cropped/9/24-9-VIRAT_S_010203_07_000775_000869
test,9,36-9-VIRAT_S_010204_05_000856_000890,583,/home/grupoavatar/DataSets/ VIRAT Ground Dataset/virat_cat_cropped/9/36-9-VIRAT_S_010204_05_000856_000890
test,9,18-9-VIRAT_S_010203_07_000775_000869,661,/home/grupoavatar/DataSets/ VIRAT Ground Dataset/virat_cat_cropped/9/18-9-VIRAT_S_010203_07_000775_000869
test,9,19-9-VIRAT_S_050000_08_001235_001295,768,/home/grupoavatar/DataSets/ VIRAT Ground Dataset/virat_cat_cropped/9/19-9-VIRAT_S_050000_08_001235_001295
test,9,40-9-VIRAT_S_050000_02_000404_000486,1903,/home/grupoavatar/DataSets/ VIRAT Ground Dataset/virat_cat_cropped/9/40-9-VIRAT_S_050000_02_000404_000486
test,9,60-9-VIRAT_S_040104_06_001121_001241,491,/home/grupoavatar/DataSets/ VIRAT Ground Dataset/virat_cat_cropped/9/60-9-VIRAT_S_040104_06_001121_001241
test,9,31-9-VIRAT_S_000101,133,/home/grupoavatar/DataSets/ VIRAT Ground Dataset/virat_cat_cropped/9/31-9-VIRAT_S_000101
test,9,1-9-VIRAT_S_010207_08_001308_001332,129,/home/grupoavatar/DataSets/ VIRAT Ground Dataset/virat_cat_cropped/9/1-9-VIRAT_S_010207_08_001308_001332
test,9,20-9-VIRAT_S_010004_07_000729_000809,774,/home/grupoavatar/DataSets/ VIRAT Ground Dataset/virat_cat_cropped/9/20-9-VIRAT_S_010004_07_000729_000809
test,9,77-9-VIRAT_S_050300_03_000726_000834,1043,/home/grupoavatar/DataSets/ VIRAT Ground Dataset/virat_cat_cropped/9/77-9-VIRAT_S_050300_03_000726_000834
test,9,6-9-VIRAT_S_010202_02_000161_000189,530,/home/grupoavatar/DataSets/ VIRAT Ground Dataset/virat_cat_cropped/9/6-9-VIRAT_S_010202_02_000161_000189
test,9,11-9-VIRAT_S_040001_00_000035_000319,967,/home/grupoavatar/DataSets/ VIRAT Ground Dataset/virat_cat_cropped/9/11-9-VIRAT_S_040001_00_000035_000319
test,9,5-9-VIRAT_S_050202_10_002159_002233,1167,/home/grupoavatar/DataSets/ VIRAT Ground Dataset/virat_cat_cropped/9/5-9-VIRAT_S_050202_10_002159_002233
test,9,14-9-VIRAT_S_010203_07_000775_000869,888,/home/grupoavatar/DataSets/ VIRAT Ground Dataset/virat_cat_cropped/9/14-9-VIRAT_S_010203_07_000775_000869
test,9,47-9-VIRAT_S_040003_05_001123_001437,1456,/home/grupoavatar/DataSets/ VIRAT Ground Dataset/virat_cat_cropped/9/47-9-VIRAT_S_040003_05_001123_001437
test,9,39-9-VIRAT_S_000200_04_000937_001443,300,/home/grupoavatar/DataSets/ VIRAT Ground Dataset/virat_cat_cropped/9/39-9-VIRAT_S_000200_04_000937_001443
test,9,25-9-VIRAT_S_010206_01_000124_000206,553,/home/grupoavatar/DataSets/ VIRAT Ground Dataset/virat_cat_cropped/9/25-9-VIRAT_S_010206_01_000124_000206
test,9,4-9-VIRAT_S_010005_04_000299_000323,230,/home/grupoavatar/DataSets/ VIRAT Ground Dataset/virat_cat_cropped/9/4-9-VIRAT_S_010005_04_000299_000323
test,9,3-9-VIRAT_S_010206_03_000546_000580,249,/home/grupoavatar/DataSets/ VIRAT Ground Dataset/virat_cat_cropped/9/3-9-VIRAT_S_010206_03_000546_000580
test,9,5-9-VIRAT_S_010203_08_000895_000975,934,/home/grupoavatar/DataSets/ VIRAT Ground Dataset/virat_cat_cropped/9/5-9-VIRAT_S_010203_08_000895_000975
test,9,7-9-VIRAT_S_010205_01_000207_000288,184,/home/grupoavatar/DataSets/ VIRAT Ground Dataset/virat_cat_cropped/9/7-9-VIRAT_S_010205_01_000207_000288
test,9,159-9-VIRAT_S_050300_01_000148_000396,1240,/home/grupoavatar/DataSets/ VIRAT Ground Dataset/virat_cat_cropped/9/159-9-VIRAT_S_050300_01_000148_000396
test,9,23-9-VIRAT_S_010203_04_000457_000511,695,/home/grupoavatar/DataSets/ VIRAT Ground Dataset/virat_cat_cropped/9/23-9-VIRAT_S_010203_04_000457_000511
test,9,53-9-VIRAT_S_000101,3607,/home/grupoavatar/DataSets/ VIRAT Ground Dataset/virat_cat_cropped/9/53-9-VIRAT_S_000101
test,9,12-9-VIRAT_S_010203_08_000895_000975,18,/home/grupoavatar/DataSets/ VIRAT Ground Dataset/virat_cat_cropped/9/12-9-VIRAT_S_010203_08_000895_000975
test,9,2-9-VIRAT_S_010207_09_001484_001510,61,/home/grupoavatar/DataSets/ VIRAT Ground Dataset/virat_cat_cropped/9/2-9-VIRAT_S_010207_09_001484_001510
test,9,33-9-VIRAT_S_040103_03_000284_000425,1681,/home/grupoavatar/DataSets/ VIRAT Ground Dataset/virat_cat_cropped/9/33-9-VIRAT_S_040103_03_000284_000425
test,9,42-9-VIRAT_S_000200_04_000937_001443,330,/home/grupoavatar/DataSets/ VIRAT Ground Dataset/virat_cat_cropped/9/42-9-VIRAT_S_000200_04_000937_001443
test,9,14-9-VIRAT_S_010204_09_001285_001336,411,/home/grupoavatar/DataSets/ VIRAT Ground Dataset/virat_cat_cropped/9/14-9-VIRAT_S_010204_09_001285_001336
test,9,52-9-VIRAT_S_000201_00_000018_000380,492,/home/grupoavatar/DataSets/ VIRAT Ground Dataset/virat_cat_cropped/9/52-9-VIRAT_S_000201_00_000018_000380
test,9,29-9-VIRAT_S_050000_08_001235_001295,80,/home/grupoavatar/DataSets/ VIRAT Ground Dataset/virat_cat_cropped/9/29-9-VIRAT_S_050000_08_001235_001295
test,9,21-9-VIRAT_S_010004_07_000729_000809,679,/home/grupoavatar/DataSets/ VIRAT Ground Dataset/virat_cat_cropped/9/21-9-VIRAT_S_010004_07_000729_000809
test,9,49-9-VIRAT_S_040001_02_001102_001530,1034,/home/grupoavatar/DataSets/ VIRAT Ground Dataset/virat_cat_cropped/9/49-9-VIRAT_S_040001_02_001102_001530
test,9,8-9-VIRAT_S_010200_06_000702_000744,473,/home/grupoavatar/DataSets/ VIRAT Ground Dataset/virat_cat_cropped/9/8-9-VIRAT_S_010200_06_000702_000744
test,9,40-9-VIRAT_S_010204_05_000856_000890,291,/home/grupoavatar/DataSets/ VIRAT Ground Dataset/virat_cat_cropped/9/40-9-VIRAT_S_010204_05_000856_000890
test,9,16-9-VIRAT_S_010203_07_000775_000869,659,/home/grupoavatar/DataSets/ VIRAT Ground Dataset/virat_cat_cropped/9/16-9-VIRAT_S_010203_07_000775_000869
test,9,40-9-VIRAT_S_000200_04_000937_001443,1063,/home/grupoavatar/DataSets/ VIRAT Ground Dataset/virat_cat_cropped/9/40-9-VIRAT_S_000200_04_000937_001443
test,9,32-9-VIRAT_S_010205_06_000830_000904,768,/home/grupoavatar/DataSets/ VIRAT Ground Dataset/virat_cat_cropped/9/32-9-VIRAT_S_010205_06_000830_000904
test,9,8-9-VIRAT_S_010204_11_001524_001607,332,/home/grupoavatar/DataSets/ VIRAT Ground Dataset/virat_cat_cropped/9/8-9-VIRAT_S_010204_11_001524_001607
test,9,65-9-VIRAT_S_040104_02_000459_000721,1866,/home/grupoavatar/DataSets/ VIRAT Ground Dataset/virat_cat_cropped/9/65-9-VIRAT_S_040104_02_000459_000721
test,9,8-9-VIRAT_S_010200_04_000568_000620,194,/home/grupoavatar/DataSets/ VIRAT Ground Dataset/virat_cat_cropped/9/8-9-VIRAT_S_010200_04_000568_000620
test,9,9-9-VIRAT_S_040103_02_000199_000279,321,/home/grupoavatar/DataSets/ VIRAT Ground Dataset/virat_cat_cropped/9/9-9-VIRAT_S_040103_02_000199_000279
test,9,26-9-VIRAT_S_040103_03_000284_000425,357,/home/grupoavatar/DataSets/ VIRAT Ground Dataset/virat_cat_cropped/9/26-9-VIRAT_S_040103_03_000284_000425
test,9,6-9-VIRAT_S_040001_00_000035_000319,1393,/home/grupoavatar/DataSets/ VIRAT Ground Dataset/virat_cat_cropped/9/6-9-VIRAT_S_040001_00_000035_000319
test,9,28-9-VIRAT_S_050000_08_001235_001295,430,/home/grupoavatar/DataSets/ VIRAT Ground Dataset/virat_cat_cropped/9/28-9-VIRAT_S_050000_08_001235_001295
test,9,46-9-VIRAT_S_010203_06_000620_000760,321,/home/grupoavatar/DataSets/ VIRAT Ground Dataset/virat_cat_cropped/9/46-9-VIRAT_S_010203_06_000620_000760
test,9,44-9-VIRAT_S_050000_02_000404_000486,68,/home/grupoavatar/DataSets/ VIRAT Ground Dataset/virat_cat_cropped/9/44-9-VIRAT_S_050000_02_000404_000486
test,9,6-9-VIRAT_S_010207_01_000712_000752,476,/home/grupoavatar/DataSets/ VIRAT Ground Dataset/virat_cat_cropped/9/6-9-VIRAT_S_010207_01_000712_000752
test,9,12-9-VIRAT_S_010205_01_000207_000288,107,/home/grupoavatar/DataSets/ VIRAT Ground Dataset/virat_cat_cropped/9/12-9-VIRAT_S_010205_01_000207_000288
test,9,29-9-VIRAT_S_010203_04_000457_000511,49,/home/grupoavatar/DataSets/ VIRAT Ground Dataset/virat_cat_cropped/9/29-9-VIRAT_S_010203_04_000457_000511
test,9,44-9-VIRAT_S_010203_06_000620_000760,219,/home/grupoavatar/DataSets/ VIRAT Ground Dataset/virat_cat_cropped/9/44-9-VIRAT_S_010203_06_000620_000760
test,9,31-9-VIRAT_S_040104_05_000939_001116,299,/home/grupoavatar/DataSets/ VIRAT Ground Dataset/virat_cat_cropped/9/31-9-VIRAT_S_040104_05_000939_001116
test,9,36-9-VIRAT_S_010114_00_000006_000116,138,/home/grupoavatar/DataSets/ VIRAT Ground Dataset/virat_cat_cropped/9/36-9-VIRAT_S_010114_00_000006_000116
test,9,17-9-VIRAT_S_000101,454,/home/grupoavatar/DataSets/ VIRAT Ground Dataset/virat_cat_cropped/9/17-9-VIRAT_S_000101
test,9,31-9-VIRAT_S_000201_00_000018_000380,507,/home/grupoavatar/DataSets/ VIRAT Ground Dataset/virat_cat_cropped/9/31-9-VIRAT_S_000201_00_000018_000380
test,9,39-9-VIRAT_S_050000_09_001310_001373,214,/home/grupoavatar/DataSets/ VIRAT Ground Dataset/virat_cat_cropped/9/39-9-VIRAT_S_050000_09_001310_001373
test,9,31-9-VIRAT_S_010004_07_000729_000809,245,/home/grupoavatar/DataSets/ VIRAT Ground Dataset/virat_cat_cropped/9/31-9-VIRAT_S_010004_07_000729_000809
test,9,25-9-VIRAT_S_010205_06_000830_000904,366,/home/grupoavatar/DataSets/ VIRAT Ground Dataset/virat_cat_cropped/9/25-9-VIRAT_S_010205_06_000830_000904
test,9,35-9-VIRAT_S_040103_03_000284_000425,372,/home/grupoavatar/DataSets/ VIRAT Ground Dataset/virat_cat_cropped/9/35-9-VIRAT_S_040103_03_000284_000425
test,9,4-9-VIRAT_S_010207_01_000712_000752,775,/home/grupoavatar/DataSets/ VIRAT Ground Dataset/virat_cat_cropped/9/4-9-VIRAT_S_010207_01_000712_000752
test,9,26-9-VIRAT_S_010205_06_000830_000904,34,/home/grupoavatar/DataSets/ VIRAT Ground Dataset/virat_cat_cropped/9/26-9-VIRAT_S_010205_06_000830_000904
test,9,18-9-VIRAT_S_010203_08_000895_000975,142,/home/grupoavatar/DataSets/ VIRAT Ground Dataset/virat_cat_cropped/9/18-9-VIRAT_S_010203_08_000895_000975
train,1,37-1-VIRAT_S_040103_03_000284_000425,838,/home/grupoavatar/DataSets/ VIRAT Ground Dataset/virat_cat_cropped/1/37-1-VIRAT_S_040103_03_000284_000425
train,1,11-1-VIRAT_S_040103_02_000199_000279,66,/home/grupoavatar/DataSets/ VIRAT Ground Dataset/virat_cat_cropped/1/11-1-VIRAT_S_040103_02_000199_000279
train,1,148-1-VIRAT_S_050300_01_000148_000396,190,/home/grupoavatar/DataSets/ VIRAT Ground Dataset/virat_cat_cropped/1/148-1-VIRAT_S_050300_01_000148_000396
train,1,43-1-VIRAT_S_040103_03_000284_000425,117,/home/grupoavatar/DataSets/ VIRAT Ground Dataset/virat_cat_cropped/1/43-1-VIRAT_S_040103_03_000284_000425
train,1,42-1-VIRAT_S_040103_03_000284_000425,108,/home/grupoavatar/DataSets/ VIRAT Ground Dataset/virat_cat_cropped/1/42-1-VIRAT_S_040103_03_000284_000425
test,1,44-1-VIRAT_S_040103_03_000284_000425,132,/home/grupoavatar/DataSets/ VIRAT Ground Dataset/virat_cat_cropped/1/44-1-VIRAT_S_040103_03_000284_000425
train,3,5-3-VIRAT_S_040001_03_001531_001595,60,/home/grupoavatar/DataSets/ VIRAT Ground Dataset/virat_cat_cropped/3/5-3-VIRAT_S_040001_03_001531_001595
train,3,47-3-VIRAT_S_040001_02_001102_001530,59,/home/grupoavatar/DataSets/ VIRAT Ground Dataset/virat_cat_cropped/3/47-3-VIRAT_S_040001_02_001102_001530
train,3,9-3-VIRAT_S_000006,59,/home/grupoavatar/DataSets/ VIRAT Ground Dataset/virat_cat_cropped/3/9-3-VIRAT_S_000006
train,3,23-3-VIRAT_S_010106_04_000800_000918,51,/home/grupoavatar/DataSets/ VIRAT Ground Dataset/virat_cat_cropped/3/23-3-VIRAT_S_010106_04_000800_000918
train,3,43-3-VIRAT_S_040001_02_001102_001530,59,/home/grupoavatar/DataSets/ VIRAT Ground Dataset/virat_cat_cropped/3/43-3-VIRAT_S_040001_02_001102_001530
train,3,0-3-VIRAT_S_010107_00_000019_000057,49,/home/grupoavatar/DataSets/ VIRAT Ground Dataset/virat_cat_cropped/3/0-3-VIRAT_S_010107_00_000019_000057
train,3,42-3-VIRAT_S_000101,75,/home/grupoavatar/DataSets/ VIRAT Ground Dataset/virat_cat_cropped/3/42-3-VIRAT_S_000101
train,3,18-3-VIRAT_S_000006,59,/home/grupoavatar/DataSets/ VIRAT Ground Dataset/virat_cat_cropped/3/18-3-VIRAT_S_000006
train,3,30-3-VIRAT_S_010114_00_000006_000116,60,/home/grupoavatar/DataSets/ VIRAT Ground Dataset/virat_cat_cropped/3/30-3-VIRAT_S_010114_00_000006_000116
train,3,47-3-VIRAT_S_000201_00_000018_000380,118,/home/grupoavatar/DataSets/ VIRAT Ground Dataset/virat_cat_cropped/3/47-3-VIRAT_S_000201_00_000018_000380
test,3,24-3-VIRAT_S_000006,108,/home/grupoavatar/DataSets/ VIRAT Ground Dataset/virat_cat_cropped/3/24-3-VIRAT_S_000006
test,3,41-3-VIRAT_S_040103_03_000284_000425,85,/home/grupoavatar/DataSets/ VIRAT Ground Dataset/virat_cat_cropped/3/41-3-VIRAT_S_040103_03_000284_000425
test,3,16-3-VIRAT_S_010114_01_000235_000311,69,/home/grupoavatar/DataSets/ VIRAT Ground Dataset/virat_cat_cropped/3/16-3-VIRAT_S_010114_01_000235_000311
train,10,23-10-VIRAT_S_050000_08_001235_001295,157,/home/grupoavatar/DataSets/ VIRAT Ground Dataset/virat_cat_cropped/10/23-10-VIRAT_S_050000_08_001235_001295
train,10,74-10-VIRAT_S_050300_03_000726_000834,208,/home/grupoavatar/DataSets/ VIRAT Ground Dataset/virat_cat_cropped/10/74-10-VIRAT_S_050300_03_000726_000834
train,10,36-10-VIRAT_S_010004_07_000729_000809,105,/home/grupoavatar/DataSets/ VIRAT Ground Dataset/virat_cat_cropped/10/36-10-VIRAT_S_010004_07_000729_000809
train,10,36-10-VIRAT_S_050000_02_000404_000486,54,/home/grupoavatar/DataSets/ VIRAT Ground Dataset/virat_cat_cropped/10/36-10-VIRAT_S_050000_02_000404_000486
train,10,153-10-VIRAT_S_050300_01_000148_000396,79,/home/grupoavatar/DataSets/ VIRAT Ground Dataset/virat_cat_cropped/10/153-10-VIRAT_S_050300_01_000148_000396
train,10,146-10-VIRAT_S_050300_01_000148_000396,164,/home/grupoavatar/DataSets/ VIRAT Ground Dataset/virat_cat_cropped/10/146-10-VIRAT_S_050300_01_000148_000396
train,10,30-10-VIRAT_S_050301_00_000000_000036,168,/home/grupoavatar/DataSets/ VIRAT Ground Dataset/virat_cat_cropped/10/30-10-VIRAT_S_050301_00_000000_000036
train,10,25-10-VIRAT_S_010004_07_000729_000809,138,/home/grupoavatar/DataSets/ VIRAT Ground Dataset/virat_cat_cropped/10/25-10-VIRAT_S_010004_07_000729_000809
train,10,30-10-VIRAT_S_050000_08_001235_001295,80,/home/grupoavatar/DataSets/ VIRAT Ground Dataset/virat_cat_cropped/10/30-10-VIRAT_S_050000_08_001235_001295
test,10,68-10-VIRAT_S_010001_02_000195_000498,227,/home/grupoavatar/DataSets/ VIRAT Ground Dataset/virat_cat_cropped/10/68-10-VIRAT_S_010001_02_000195_000498
test,10,18-10-VIRAT_S_010114_01_000235_000311,369,/home/grupoavatar/DataSets/ VIRAT Ground Dataset/virat_cat_cropped/10/18-10-VIRAT_S_010114_01_000235_000311
train,4,1-4-VIRAT_S_000006,71,/home/grupoavatar/DataSets/ VIRAT Ground Dataset/virat_cat_cropped/4/1-4-VIRAT_S_000006
train,4,17-4-VIRAT_S_010114_01_000235_000311,47,/home/grupoavatar/DataSets/ VIRAT Ground Dataset/virat_cat_cropped/4/17-4-VIRAT_S_010114_01_000235_000311
train,4,31-4-VIRAT_S_010114_00_000006_000116,47,/home/grupoavatar/DataSets/ VIRAT Ground Dataset/virat_cat_cropped/4/31-4-VIRAT_S_010114_00_000006_000116
train,4,48-4-VIRAT_S_000201_00_000018_000380,90,/home/grupoavatar/DataSets/ VIRAT Ground Dataset/virat_cat_cropped/4/48-4-VIRAT_S_000201_00_000018_000380
train,4,7-4-VIRAT_S_040001_03_001531_001595,59,/home/grupoavatar/DataSets/ VIRAT Ground Dataset/virat_cat_cropped/4/7-4-VIRAT_S_040001_03_001531_001595
train,4,48-4-VIRAT_S_040001_02_001102_001530,59,/home/grupoavatar/DataSets/ VIRAT Ground Dataset/virat_cat_cropped/4/48-4-VIRAT_S_040001_02_001102_001530
train,4,44-4-VIRAT_S_000101,86,/home/grupoavatar/DataSets/ VIRAT Ground Dataset/virat_cat_cropped/4/44-4-VIRAT_S_000101
train,4,20-4-VIRAT_S_000006,59,/home/grupoavatar/DataSets/ VIRAT Ground Dataset/virat_cat_cropped/4/20-4-VIRAT_S_000006
train,4,32-4-VIRAT_S_010114_00_000006_000116,47,/home/grupoavatar/DataSets/ VIRAT Ground Dataset/virat_cat_cropped/4/32-4-VIRAT_S_010114_00_000006_000116
train,4,12-4-VIRAT_S_040103_02_000199_000279,63,/home/grupoavatar/DataSets/ VIRAT Ground Dataset/virat_cat_cropped/4/12-4-VIRAT_S_040103_02_000199_000279
train,4,44-4-VIRAT_S_040001_02_001102_001530,59,/home/grupoavatar/DataSets/ VIRAT Ground Dataset/virat_cat_cropped/4/44-4-VIRAT_S_040001_02_001102_001530
test,4,5-4-VIRAT_S_000006,59,/home/grupoavatar/DataSets/ VIRAT Ground Dataset/virat_cat_cropped/4/5-4-VIRAT_S_000006
test,4,10-4-VIRAT_S_000006,59,/home/grupoavatar/DataSets/ VIRAT Ground Dataset/virat_cat_cropped/4/10-4-VIRAT_S_000006
test,4,24-4-VIRAT_S_010106_04_000800_000918,47,/home/grupoavatar/DataSets/ VIRAT Ground Dataset/virat_cat_cropped/4/24-4-VIRAT_S_010106_04_000800_000918
train,12,0-12-VIRAT_S_010207_08_001308_001332,55,/home/grupoavatar/DataSets/ VIRAT Ground Dataset/virat_cat_cropped/12/0-12-VIRAT_S_010207_08_001308_001332
train,12,63-12-VIRAT_S_010001_02_000195_000498,66,/home/grupoavatar/DataSets/ VIRAT Ground Dataset/virat_cat_cropped/12/63-12-VIRAT_S_010001_02_000195_000498
train,12,6-12-VIRAT_S_010002_01_000123_000148,66,/home/grupoavatar/DataSets/ VIRAT Ground Dataset/virat_cat_cropped/12/6-12-VIRAT_S_010002_01_000123_000148
train,12,59-12-VIRAT_S_010001_02_000195_000498,63,/home/grupoavatar/DataSets/ VIRAT Ground Dataset/virat_cat_cropped/12/59-12-VIRAT_S_010001_02_000195_000498
train,12,5-12-VIRAT_S_010003_08_000739_000778,47,/home/grupoavatar/DataSets/ VIRAT Ground Dataset/virat_cat_cropped/12/5-12-VIRAT_S_010003_08_000739_000778
train,12,0-12-VIRAT_S_010002_04_000307_000350,47,/home/grupoavatar/DataSets/ VIRAT Ground Dataset/virat_cat_cropped/12/0-12-VIRAT_S_010002_04_000307_000350
train,12,25-12-VIRAT_S_010005_01_000085_000164,84,/home/grupoavatar/DataSets/ VIRAT Ground Dataset/virat_cat_cropped/12/25-12-VIRAT_S_010005_01_000085_000164
train,12,7-12-VIRAT_S_010002_03_000236_000261,50,/home/grupoavatar/DataSets/ VIRAT Ground Dataset/virat_cat_cropped/12/7-12-VIRAT_S_010002_03_000236_000261
train,12,16-12-VIRAT_S_010004_00_000064_000100,47,/home/grupoavatar/DataSets/ VIRAT Ground Dataset/virat_cat_cropped/12/16-12-VIRAT_S_010004_00_000064_000100
train,12,66-12-VIRAT_S_010001_02_000195_000498,62,/home/grupoavatar/DataSets/ VIRAT Ground Dataset/virat_cat_cropped/12/66-12-VIRAT_S_010001_02_000195_000498
train,12,2-12-VIRAT_S_010207_01_000712_000752,49,/home/grupoavatar/DataSets/ VIRAT Ground Dataset/virat_cat_cropped/12/2-12-VIRAT_S_010207_01_000712_000752
train,12,15-12-VIRAT_S_010004_00_000064_000100,47,/home/grupoavatar/DataSets/ VIRAT Ground Dataset/virat_cat_cropped/12/15-12-VIRAT_S_010004_00_000064_000100
train,12,1-12-VIRAT_S_010206_03_000546_000580,47,/home/grupoavatar/DataSets/ VIRAT Ground Dataset/virat_cat_cropped/12/1-12-VIRAT_S_010206_03_000546_000580
train,12,1-12-VIRAT_S_010002_04_000307_000350,68,/home/grupoavatar/DataSets/ VIRAT Ground Dataset/virat_cat_cropped/12/1-12-VIRAT_S_010002_04_000307_000350
train,12,30-12-VIRAT_S_010000_03_000442_000528,47,/home/grupoavatar/DataSets/ VIRAT Ground Dataset/virat_cat_cropped/12/30-12-VIRAT_S_010000_03_000442_000528
train,12,22-12-VIRAT_S_010004_07_000729_000809,62,/home/grupoavatar/DataSets/ VIRAT Ground Dataset/virat_cat_cropped/12/22-12-VIRAT_S_010004_07_000729_000809
train,12,12-12-VIRAT_S_010203_07_000775_000869,135,/home/grupoavatar/DataSets/ VIRAT Ground Dataset/virat_cat_cropped/12/12-12-VIRAT_S_010203_07_000775_000869
train,12,4-12-VIRAT_S_010002_04_000307_000350,78,/home/grupoavatar/DataSets/ VIRAT Ground Dataset/virat_cat_cropped/12/4-12-VIRAT_S_010002_04_000307_000350
train,12,2-12-VIRAT_S_010000_06_000728_000762,49,/home/grupoavatar/DataSets/ VIRAT Ground Dataset/virat_cat_cropped/12/2-12-VIRAT_S_010000_06_000728_000762
train,12,28-12-VIRAT_S_010005_01_000085_000164,50,/home/grupoavatar/DataSets/ VIRAT Ground Dataset/virat_cat_cropped/12/28-12-VIRAT_S_010005_01_000085_000164
train,12,4-12-VIRAT_S_010000_06_000728_000762,50,/home/grupoavatar/DataSets/ VIRAT Ground Dataset/virat_cat_cropped/12/4-12-VIRAT_S_010000_06_000728_000762
train,12,26-12-VIRAT_S_010005_01_000085_000164,76,/home/grupoavatar/DataSets/ VIRAT Ground Dataset/virat_cat_cropped/12/26-12-VIRAT_S_010005_01_000085_000164
train,12,4-12-VIRAT_S_010200_04_000568_000620,76,/home/grupoavatar/DataSets/ VIRAT Ground Dataset/virat_cat_cropped/12/4-12-VIRAT_S_010200_04_000568_000620
train,12,23-12-VIRAT_S_010203_07_000775_000869,135,/home/grupoavatar/DataSets/ VIRAT Ground Dataset/virat_cat_cropped/12/23-12-VIRAT_S_010203_07_000775_000869
train,12,41-12-VIRAT_S_010201_04_000374_000469,118,/home/grupoavatar/DataSets/ VIRAT Ground Dataset/virat_cat_cropped/12/41-12-VIRAT_S_010201_04_000374_000469
train,12,33-12-VIRAT_S_010004_07_000729_000809,47,/home/grupoavatar/DataSets/ VIRAT Ground Dataset/virat_cat_cropped/12/33-12-VIRAT_S_010004_07_000729_000809
train,12,56-12-VIRAT_S_010001_02_000195_000498,47,/home/grupoavatar/DataSets/ VIRAT Ground Dataset/virat_cat_cropped/12/56-12-VIRAT_S_010001_02_000195_000498
train,12,3-12-VIRAT_S_010000_06_000728_000762,47,/home/grupoavatar/DataSets/ VIRAT Ground Dataset/virat_cat_cropped/12/3-12-VIRAT_S_010000_06_000728_000762
train,12,53-12-VIRAT_S_010001_02_000195_000498,54,/home/grupoavatar/DataSets/ VIRAT Ground Dataset/virat_cat_cropped/12/53-12-VIRAT_S_010001_02_000195_000498
train,12,22-12-VIRAT_S_010203_07_000775_000869,135,/home/grupoavatar/DataSets/ VIRAT Ground Dataset/virat_cat_cropped/12/22-12-VIRAT_S_010203_07_000775_000869
test,12,7-12-VIRAT_S_050201_00_000012_000116,102,/home/grupoavatar/DataSets/ VIRAT Ground Dataset/virat_cat_cropped/12/7-12-VIRAT_S_050201_00_000012_000116
test,12,0-12-VIRAT_S_010207_09_001484_001510,72,/home/grupoavatar/DataSets/ VIRAT Ground Dataset/virat_cat_cropped/12/0-12-VIRAT_S_010207_09_001484_001510
test,12,3-12-VIRAT_S_010002_04_000307_000350,47,/home/grupoavatar/DataSets/ VIRAT Ground Dataset/virat_cat_cropped/12/3-12-VIRAT_S_010002_04_000307_000350
test,12,29-12-VIRAT_S_010203_06_000620_000760,53,/home/grupoavatar/DataSets/ VIRAT Ground Dataset/virat_cat_cropped/12/29-12-VIRAT_S_010203_06_000620_000760
test,12,67-12-VIRAT_S_010001_02_000195_000498,47,/home/grupoavatar/DataSets/ VIRAT Ground Dataset/virat_cat_cropped/12/67-12-VIRAT_S_010001_02_000195_000498
test,12,0-12-VIRAT_S_010207_04_000929_000954,63,/home/grupoavatar/DataSets/ VIRAT Ground Dataset/virat_cat_cropped/12/0-12-VIRAT_S_010207_04_000929_000954
test,12,3-12-VIRAT_S_010003_10_000901_000934,47,/home/grupoavatar/DataSets/ VIRAT Ground Dataset/virat_cat_cropped/12/3-12-VIRAT_S_010003_10_000901_000934
test,12,39-12-VIRAT_S_010201_04_000374_000469,99,/home/grupoavatar/DataSets/ VIRAT Ground Dataset/virat_cat_cropped/12/39-12-VIRAT_S_010201_04_000374_000469
test,12,64-12-VIRAT_S_010001_02_000195_000498,88,/home/grupoavatar/DataSets/ VIRAT Ground Dataset/virat_cat_cropped/12/64-12-VIRAT_S_010001_02_000195_000498
test,12,40-12-VIRAT_S_010201_04_000374_000469,81,/home/grupoavatar/DataSets/ VIRAT Ground Dataset/virat_cat_cropped/12/40-12-VIRAT_S_010201_04_000374_000469
train,6,0-6-VIRAT_S_000203_06_001206_001266,115,/home/grupoavatar/DataSets/ VIRAT Ground Dataset/virat_cat_cropped/6/0-6-VIRAT_S_000203_06_001206_001266
train,6,46-6-VIRAT_S_000201_00_000018_000380,113,/home/grupoavatar/DataSets/ VIRAT Ground Dataset/virat_cat_cropped/6/46-6-VIRAT_S_000201_00_000018_000380
train,6,16-6-VIRAT_S_000006,141,/home/grupoavatar/DataSets/ VIRAT Ground Dataset/virat_cat_cropped/6/16-6-VIRAT_S_000006
train,6,2-6-VIRAT_S_050201_00_000012_000116,246,/home/grupoavatar/DataSets/ VIRAT Ground Dataset/virat_cat_cropped/6/2-6-VIRAT_S_050201_00_000012_000116
train,6,36-6-VIRAT_S_000201_00_000018_000380,192,/home/grupoavatar/DataSets/ VIRAT Ground Dataset/virat_cat_cropped/6/36-6-VIRAT_S_000201_00_000018_000380
train,6,0-6-VIRAT_S_000200_01_000226_000268,131,/home/grupoavatar/DataSets/ VIRAT Ground Dataset/virat_cat_cropped/6/0-6-VIRAT_S_000200_01_000226_000268
train,6,58-6-VIRAT_S_040104_02_000459_000721,138,/home/grupoavatar/DataSets/ VIRAT Ground Dataset/virat_cat_cropped/6/58-6-VIRAT_S_040104_02_000459_000721
train,6,18-6-VIRAT_S_000101,127,/home/grupoavatar/DataSets/ VIRAT Ground Dataset/virat_cat_cropped/6/18-6-VIRAT_S_000101
train,6,1-6-VIRAT_S_000206_09_001714_001851,167,/home/grupoavatar/DataSets/ VIRAT Ground Dataset/virat_cat_cropped/6/1-6-VIRAT_S_000206_09_001714_001851
train,6,0-6-VIRAT_S_000207_00_000000_000045,91,/home/grupoavatar/DataSets/ VIRAT Ground Dataset/virat_cat_cropped/6/0-6-VIRAT_S_000207_00_000000_000045
train,6,36-6-VIRAT_S_040103_03_000284_000425,1134,/home/grupoavatar/DataSets/ VIRAT Ground Dataset/virat_cat_cropped/6/36-6-VIRAT_S_040103_03_000284_000425
train,6,39-6-VIRAT_S_000101,129,/home/grupoavatar/DataSets/ VIRAT Ground Dataset/virat_cat_cropped/6/39-6-VIRAT_S_000101
train,6,12-6-VIRAT_S_000006,181,/home/grupoavatar/DataSets/ VIRAT Ground Dataset/virat_cat_cropped/6/12-6-VIRAT_S_000006
train,6,40-6-VIRAT_S_000201_00_000018_000380,250,/home/grupoavatar/DataSets/ VIRAT Ground Dataset/virat_cat_cropped/6/40-6-VIRAT_S_000201_00_000018_000380
train,6,10-6-VIRAT_S_050000_11_001530_001576,137,/home/grupoavatar/DataSets/ VIRAT Ground Dataset/virat_cat_cropped/6/10-6-VIRAT_S_050000_11_001530_001576
train,6,8-6-VIRAT_S_000006,151,/home/grupoavatar/DataSets/ VIRAT Ground Dataset/virat_cat_cropped/6/8-6-VIRAT_S_000006
train,6,1-6-VIRAT_S_050202_00_000000_000105,144,/home/grupoavatar/DataSets/ VIRAT Ground Dataset/virat_cat_cropped/6/1-6-VIRAT_S_050202_00_000000_000105
train,6,0-6-VIRAT_S_000201_01_000384_000589,392,/home/grupoavatar/DataSets/ VIRAT Ground Dataset/virat_cat_cropped/6/0-6-VIRAT_S_000201_01_000384_000589
train,6,28-6-VIRAT_S_000101,153,/home/grupoavatar/DataSets/ VIRAT Ground Dataset/virat_cat_cropped/6/28-6-VIRAT_S_000101
train,6,40-6-VIRAT_S_040103_03_000284_000425,114,/home/grupoavatar/DataSets/ VIRAT Ground Dataset/virat_cat_cropped/6/40-6-VIRAT_S_040103_03_000284_000425
train,6,39-6-VIRAT_S_000201_00_000018_000380,61,/home/grupoavatar/DataSets/ VIRAT Ground Dataset/virat_cat_cropped/6/39-6-VIRAT_S_000201_00_000018_000380
train,6,51-6-VIRAT_S_000201_00_000018_000380,148,/home/grupoavatar/DataSets/ VIRAT Ground Dataset/virat_cat_cropped/6/51-6-VIRAT_S_000201_00_000018_000380
train,6,2-6-VIRAT_S_000006,178,/home/grupoavatar/DataSets/ VIRAT Ground Dataset/virat_cat_cropped/6/2-6-VIRAT_S_000006
train,6,62-6-VIRAT_S_040104_02_000459_000721,110,/home/grupoavatar/DataSets/ VIRAT Ground Dataset/virat_cat_cropped/6/62-6-VIRAT_S_040104_02_000459_000721
test,6,15-6-VIRAT_S_000006,140,/home/grupoavatar/DataSets/ VIRAT Ground Dataset/virat_cat_cropped/6/15-6-VIRAT_S_000006
test,6,34-6-VIRAT_S_040103_03_000284_000425,90,/home/grupoavatar/DataSets/ VIRAT Ground Dataset/virat_cat_cropped/6/34-6-VIRAT_S_040103_03_000284_000425
test,6,36-6-VIRAT_S_000200_04_000937_001443,149,/home/grupoavatar/DataSets/ VIRAT Ground Dataset/virat_cat_cropped/6/36-6-VIRAT_S_000200_04_000937_001443
test,6,150-6-VIRAT_S_050300_01_000148_000396,201,/home/grupoavatar/DataSets/ VIRAT Ground Dataset/virat_cat_cropped/6/150-6-VIRAT_S_050300_01_000148_000396
test,6,67-6-VIRAT_S_050300_03_000726_000834,59,/home/grupoavatar/DataSets/ VIRAT Ground Dataset/virat_cat_cropped/6/67-6-VIRAT_S_050300_03_000726_000834
test,6,56-6-VIRAT_S_040104_02_000459_000721,202,/home/grupoavatar/DataSets/ VIRAT Ground Dataset/virat_cat_cropped/6/56-6-VIRAT_S_040104_02_000459_000721
test,6,1-6-VIRAT_S_000206_08_001618_001712,177,/home/grupoavatar/DataSets/ VIRAT Ground Dataset/virat_cat_cropped/6/1-6-VIRAT_S_000206_08_001618_001712
test,6,3-6-VIRAT_S_000006,146,/home/grupoavatar/DataSets/ VIRAT Ground Dataset/virat_cat_cropped/6/3-6-VIRAT_S_000006
train,2,30-2-VIRAT_S_000101,108,/home/grupoavatar/DataSets/ VIRAT Ground Dataset/virat_cat_cropped/2/30-2-VIRAT_S_000101
train,2,35-2-VIRAT_S_040001_02_001102_001530,139,/home/grupoavatar/DataSets/ VIRAT Ground Dataset/virat_cat_cropped/2/35-2-VIRAT_S_040001_02_001102_001530
train,2,43-2-VIRAT_S_000101,108,/home/grupoavatar/DataSets/ VIRAT Ground Dataset/virat_cat_cropped/2/43-2-VIRAT_S_000101
train,2,21-2-VIRAT_S_000101,59,/home/grupoavatar/DataSets/ VIRAT Ground Dataset/virat_cat_cropped/2/21-2-VIRAT_S_000101
train,2,0-2-VIRAT_S_050202_00_000000_000105,59,/home/grupoavatar/DataSets/ VIRAT Ground Dataset/virat_cat_cropped/2/0-2-VIRAT_S_050202_00_000000_000105
train,2,10-2-VIRAT_S_040001_00_000035_000319,90,/home/grupoavatar/DataSets/ VIRAT Ground Dataset/virat_cat_cropped/2/10-2-VIRAT_S_040001_00_000035_000319
train,2,17-2-VIRAT_S_000006,59,/home/grupoavatar/DataSets/ VIRAT Ground Dataset/virat_cat_cropped/2/17-2-VIRAT_S_000006
train,2,25-2-VIRAT_S_000006,59,/home/grupoavatar/DataSets/ VIRAT Ground Dataset/virat_cat_cropped/2/25-2-VIRAT_S_000006
train,2,1-2-VIRAT_S_000201_01_000384_000589,60,/home/grupoavatar/DataSets/ VIRAT Ground Dataset/virat_cat_cropped/2/1-2-VIRAT_S_000201_01_000384_000589
train,2,40-2-VIRAT_S_040104_02_000459_000721,83,/home/grupoavatar/DataSets/ VIRAT Ground Dataset/virat_cat_cropped/2/40-2-VIRAT_S_040104_02_000459_000721
train,2,2-2-VIRAT_S_000201_01_000384_000589,60,/home/grupoavatar/DataSets/ VIRAT Ground Dataset/virat_cat_cropped/2/2-2-VIRAT_S_000201_01_000384_000589
train,2,59-2-VIRAT_S_040104_02_000459_000721,59,/home/grupoavatar/DataSets/ VIRAT Ground Dataset/virat_cat_cropped/2/59-2-VIRAT_S_040104_02_000459_000721
train,2,15-2-VIRAT_S_040003_01_000083_000193,129,/home/grupoavatar/DataSets/ VIRAT Ground Dataset/virat_cat_cropped/2/15-2-VIRAT_S_040003_01_000083_000193
train,2,41-2-VIRAT_S_040104_02_000459_000721,243,/home/grupoavatar/DataSets/ VIRAT Ground Dataset/virat_cat_cropped/2/41-2-VIRAT_S_040104_02_000459_000721
train,2,16-2-VIRAT_S_040103_05_000729_000804,110,/home/grupoavatar/DataSets/ VIRAT Ground Dataset/virat_cat_cropped/2/16-2-VIRAT_S_040103_05_000729_000804
train,2,17-2-VIRAT_S_040103_05_000729_000804,126,/home/grupoavatar/DataSets/ VIRAT Ground Dataset/virat_cat_cropped/2/17-2-VIRAT_S_040103_05_000729_000804
train,2,41-2-VIRAT_S_040003_05_001123_001437,59,/home/grupoavatar/DataSets/ VIRAT Ground Dataset/virat_cat_cropped/2/41-2-VIRAT_S_040003_05_001123_001437
train,2,21-2-VIRAT_S_040103_05_000729_000804,138,/home/grupoavatar/DataSets/ VIRAT Ground Dataset/virat_cat_cropped/2/21-2-VIRAT_S_040103_05_000729_000804
train,2,6-2-VIRAT_S_040001_03_001531_001595,59,/home/grupoavatar/DataSets/ VIRAT Ground Dataset/virat_cat_cropped/2/6-2-VIRAT_S_040001_03_001531_001595
train,2,26-2-VIRAT_S_040104_05_000939_001116,146,/home/grupoavatar/DataSets/ VIRAT Ground Dataset/virat_cat_cropped/2/26-2-VIRAT_S_040104_05_000939_001116
test,2,53-2-VIRAT_S_040104_06_001121_001241,67,/home/grupoavatar/DataSets/ VIRAT Ground Dataset/virat_cat_cropped/2/53-2-VIRAT_S_040104_06_001121_001241
test,2,45-2-VIRAT_S_040003_05_001123_001437,59,/home/grupoavatar/DataSets/ VIRAT Ground Dataset/virat_cat_cropped/2/45-2-VIRAT_S_040003_05_001123_001437
test,2,15-2-VIRAT_S_040103_05_000729_000804,138,/home/grupoavatar/DataSets/ VIRAT Ground Dataset/virat_cat_cropped/2/15-2-VIRAT_S_040103_05_000729_000804
test,2,61-2-VIRAT_S_040104_02_000459_000721,59,/home/grupoavatar/DataSets/ VIRAT Ground Dataset/virat_cat_cropped/2/61-2-VIRAT_S_040104_02_000459_000721
test,2,19-2-VIRAT_S_000006,83,/home/grupoavatar/DataSets/ VIRAT Ground Dataset/virat_cat_cropped/2/19-2-VIRAT_S_000006
test,2,26-2-VIRAT_S_000006,204,/home/grupoavatar/DataSets/ VIRAT Ground Dataset/virat_cat_cropped/2/26-2-VIRAT_S_000006
train,11,27-11-VIRAT_S_010005_01_000085_000164,58,/home/grupoavatar/DataSets/ VIRAT Ground Dataset/virat_cat_cropped/11/27-11-VIRAT_S_010005_01_000085_000164
train,11,39-11-VIRAT_S_010201_03_000270_000359,83,/home/grupoavatar/DataSets/ VIRAT Ground Dataset/virat_cat_cropped/11/39-11-VIRAT_S_010201_03_000270_000359
train,11,24-11-VIRAT_S_010004_07_000729_000809,76,/home/grupoavatar/DataSets/ VIRAT Ground Dataset/virat_cat_cropped/11/24-11-VIRAT_S_010004_07_000729_000809
train,11,65-11-VIRAT_S_010001_02_000195_000498,60,/home/grupoavatar/DataSets/ VIRAT Ground Dataset/virat_cat_cropped/11/65-11-VIRAT_S_010001_02_000195_000498
train,11,24-11-VIRAT_S_010005_07_000535_000584,94,/home/grupoavatar/DataSets/ VIRAT Ground Dataset/virat_cat_cropped/11/24-11-VIRAT_S_010005_07_000535_000584
train,11,24-11-VIRAT_S_010005_01_000085_000164,52,/home/grupoavatar/DataSets/ VIRAT Ground Dataset/virat_cat_cropped/11/24-11-VIRAT_S_010005_01_000085_000164
train,11,74-11-VIRAT_S_010001_02_000195_000498,66,/home/grupoavatar/DataSets/ VIRAT Ground Dataset/virat_cat_cropped/11/74-11-VIRAT_S_010001_02_000195_000498
train,11,2-11-VIRAT_S_010200_04_000568_000620,124,/home/grupoavatar/DataSets/ VIRAT Ground Dataset/virat_cat_cropped/11/2-11-VIRAT_S_010200_04_000568_000620
train,11,6-11-VIRAT_S_010001_09_000921_000952,83,/home/grupoavatar/DataSets/ VIRAT Ground Dataset/virat_cat_cropped/11/6-11-VIRAT_S_010001_09_000921_000952
train,11,2-11-VIRAT_S_010206_03_000546_000580,97,/home/grupoavatar/DataSets/ VIRAT Ground Dataset/virat_cat_cropped/11/2-11-VIRAT_S_010206_03_000546_000580
train,11,62-11-VIRAT_S_010001_02_000195_000498,73,/home/grupoavatar/DataSets/ VIRAT Ground Dataset/virat_cat_cropped/11/62-11-VIRAT_S_010001_02_000195_000498
train,11,71-11-VIRAT_S_010200_03_000470_000567,98,/home/grupoavatar/DataSets/ VIRAT Ground Dataset/virat_cat_cropped/11/71-11-VIRAT_S_010200_03_000470_000567
train,11,4-11-VIRAT_S_010003_08_000739_000778,49,/home/grupoavatar/DataSets/ VIRAT Ground Dataset/virat_cat_cropped/11/4-11-VIRAT_S_010003_08_000739_000778
train,11,5-11-VIRAT_S_010001_09_000921_000952,47,/home/grupoavatar/DataSets/ VIRAT Ground Dataset/virat_cat_cropped/11/5-11-VIRAT_S_010001_09_000921_000952
train,11,55-11-VIRAT_S_010001_02_000195_000498,47,/home/grupoavatar/DataSets/ VIRAT Ground Dataset/virat_cat_cropped/11/55-11-VIRAT_S_010001_02_000195_000498
train,11,20-11-VIRAT_S_010203_04_000457_000511,54,/home/grupoavatar/DataSets/ VIRAT Ground Dataset/virat_cat_cropped/11/20-11-VIRAT_S_010203_04_000457_000511
train,11,2-11-VIRAT_S_010003_10_000901_000934,47,/home/grupoavatar/DataSets/ VIRAT Ground Dataset/virat_cat_cropped/11/2-11-VIRAT_S_010003_10_000901_000934
train,11,25-11-VIRAT_S_000101,85,/home/grupoavatar/DataSets/ VIRAT Ground Dataset/virat_cat_cropped/11/25-11-VIRAT_S_000101
train,11,23-11-VIRAT_S_010004_07_000729_000809,80,/home/grupoavatar/DataSets/ VIRAT Ground Dataset/virat_cat_cropped/11/23-11-VIRAT_S_010004_07_000729_000809
train,11,75-11-VIRAT_S_010001_02_000195_000498,87,/home/grupoavatar/DataSets/ VIRAT Ground Dataset/virat_cat_cropped/11/75-11-VIRAT_S_010001_02_000195_000498
train,11,5-11-VIRAT_S_010202_02_000161_000189,91,/home/grupoavatar/DataSets/ VIRAT Ground Dataset/virat_cat_cropped/11/5-11-VIRAT_S_010202_02_000161_000189
train,11,27-11-VIRAT_S_000101,190,/home/grupoavatar/DataSets/ VIRAT Ground Dataset/virat_cat_cropped/11/27-11-VIRAT_S_000101
train,11,1-11-VIRAT_S_010005_05_000397_000430,77,/home/grupoavatar/DataSets/ VIRAT Ground Dataset/virat_cat_cropped/11/1-11-VIRAT_S_010005_05_000397_000430
train,11,3-11-VIRAT_S_010200_04_000568_000620,71,/home/grupoavatar/DataSets/ VIRAT Ground Dataset/virat_cat_cropped/11/3-11-VIRAT_S_010200_04_000568_000620
train,11,54-11-VIRAT_S_010001_02_000195_000498,55,/home/grupoavatar/DataSets/ VIRAT Ground Dataset/virat_cat_cropped/11/54-11-VIRAT_S_010001_02_000195_000498
train,11,61-11-VIRAT_S_010001_02_000195_000498,80,/home/grupoavatar/DataSets/ VIRAT Ground Dataset/virat_cat_cropped/11/61-11-VIRAT_S_010001_02_000195_000498
train,11,1-11-VIRAT_S_010002_02_000174_000204,95,/home/grupoavatar/DataSets/ VIRAT Ground Dataset/virat_cat_cropped/11/1-11-VIRAT_S_010002_02_000174_000204
train,11,1-11-VIRAT_S_010206_05_000797_000823,47,/home/grupoavatar/DataSets/ VIRAT Ground Dataset/virat_cat_cropped/11/1-11-VIRAT_S_010206_05_000797_000823
train,11,26-11-VIRAT_S_010004_07_000729_000809,87,/home/grupoavatar/DataSets/ VIRAT Ground Dataset/virat_cat_cropped/11/26-11-VIRAT_S_010004_07_000729_000809
train,11,7-11-VIRAT_S_010001_09_000921_000952,47,/home/grupoavatar/DataSets/ VIRAT Ground Dataset/virat_cat_cropped/11/7-11-VIRAT_S_010001_09_000921_000952
train,11,29-11-VIRAT_S_010000_03_000442_000528,100,/home/grupoavatar/DataSets/ VIRAT Ground Dataset/virat_cat_cropped/11/29-11-VIRAT_S_010000_03_000442_000528
train,11,0-11-VIRAT_S_010206_03_000546_000580,105,/home/grupoavatar/DataSets/ VIRAT Ground Dataset/virat_cat_cropped/11/0-11-VIRAT_S_010206_03_000546_000580
train,11,30-11-VIRAT_S_010203_06_000620_000760,54,/home/grupoavatar/DataSets/ VIRAT Ground Dataset/virat_cat_cropped/11/30-11-VIRAT_S_010203_06_000620_000760
test,11,2-11-VIRAT_S_010002_02_000174_000204,47,/home/grupoavatar/DataSets/ VIRAT Ground Dataset/virat_cat_cropped/11/2-11-VIRAT_S_010002_02_000174_000204
test,11,7-11-VIRAT_S_010206_00_000007_000035,69,/home/grupoavatar/DataSets/ VIRAT Ground Dataset/virat_cat_cropped/11/7-11-VIRAT_S_010206_00_000007_000035
test,11,69-11-VIRAT_S_010001_02_000195_000498,74,/home/grupoavatar/DataSets/ VIRAT Ground Dataset/virat_cat_cropped/11/69-11-VIRAT_S_010001_02_000195_000498
test,11,4-11-VIRAT_S_010201_05_000499_000527,75,/home/grupoavatar/DataSets/ VIRAT Ground Dataset/virat_cat_cropped/11/4-11-VIRAT_S_010201_05_000499_000527
test,11,71-11-VIRAT_S_010001_02_000195_000498,68,/home/grupoavatar/DataSets/ VIRAT Ground Dataset/virat_cat_cropped/11/71-11-VIRAT_S_010001_02_000195_000498
test,11,22-11-VIRAT_S_010005_07_000535_000584,78,/home/grupoavatar/DataSets/ VIRAT Ground Dataset/virat_cat_cropped/11/22-11-VIRAT_S_010005_07_000535_000584
test,11,3-11-VIRAT_S_010003_08_000739_000778,63,/home/grupoavatar/DataSets/ VIRAT Ground Dataset/virat_cat_cropped/11/3-11-VIRAT_S_010003_08_000739_000778
test,11,2-11-VIRAT_S_010002_04_000307_000350,52,/home/grupoavatar/DataSets/ VIRAT Ground Dataset/virat_cat_cropped/11/2-11-VIRAT_S_010002_04_000307_000350
test,11,23-11-VIRAT_S_010005_07_000535_000584,51,/home/grupoavatar/DataSets/ VIRAT Ground Dataset/virat_cat_cropped/11/23-11-VIRAT_S_010005_07_000535_000584
test,11,35-11-VIRAT_S_010203_06_000620_000760,77,/home/grupoavatar/DataSets/ VIRAT Ground Dataset/virat_cat_cropped/11/35-11-VIRAT_S_010203_06_000620_000760